NrkhKnIaIk@mail.ru,CREATE,2024-09-22 09:58:11
zfAklc@ya.ru,DELETE,2024-09-22 11:09:27
TRyYtZC@gmail.com,CREATE,2024-09-22 21:21:35
XmRUgMkODG@mail.ru,DELETE,2024-09-22 07:07:13
LMexzL@mail.ru,DELETE,2024-09-22 05:47:15
NrkhKnIaIk@mail.ru,UPDATE,2024-09-22 14:37:03
zSohagjn@ya.ru,CREATE,2024-09-22 10:47:22
KzzcLbNhb@gmail.com,UPDATE,2024-09-22 04:27:31
KYYfPMfXMWdeFt@ya.ru,DELETE,2024-09-22 02:59:55
zSohagjn@ya.ru,CREATE,2024-09-22 04:28:56
hDADWxu@ya.ru,UPDATE,2024-09-22 15:25:26
KzzcLbNhb@gmail.com,READ,2024-09-22 14:52:21
LMexzL@mail.ru,DELETE,2024-09-22 06:45:16
TRyYtZC@gmail.com,DELETE,2024-09-22 21:45:08
zfAklc@ya.ru,UPDATE,2024-09-22 17:36:11
qxJfUtsqAfOZ@ya.ru,UPDATE,2024-09-22 19:24:43
LMexzL@mail.ru,CREATE,2024-09-22 02:28:11
LMexzL@mail.ru,UPDATE,2024-09-22 16:40:24
zSohagjn@ya.ru,DELETE,2024-09-22 19:45:34
KzzcLbNhb@gmail.com,READ,2024-09-22 09:46:37
KYYfPMfXMWdeFt@ya.ru,READ,2024-09-22 15:41:19
NrkhKnIaIk@mail.ru,CREATE,2024-09-22 12:37:51
hDADWxu@ya.ru,UPDATE,2024-09-22 18:32:34
KYYfPMfXMWdeFt@ya.ru,UPDATE,2024-09-22 15:20:45
NrkhKnIaIk@mail.ru,READ,2024-09-22 10:01:35
zfAklc@ya.ru,CREATE,2024-09-22 11:51:45
KzzcLbNhb@gmail.com,DELETE,2024-09-22 00:02:11
KzzcLbNhb@gmail.com,CREATE,2024-09-22 07:14:01
NrkhKnIaIk@mail.ru,READ,2024-09-22 03:16:33
LMexzL@mail.ru,DELETE,2024-09-22 17:31:02
TRyYtZC@gmail.com,READ,2024-09-22 16:56:13
zSohagjn@ya.ru,CREATE,2024-09-22 13:46:41
XmRUgMkODG@mail.ru,READ,2024-09-22 13:44:20
XmRUgMkODG@mail.ru,READ,2024-09-22 08:30:16
XmRUgMkODG@mail.ru,READ,2024-09-22 15:30:32
LMexzL@mail.ru,UPDATE,2024-09-22 04:42:59
LMexzL@mail.ru,READ,2024-09-22 03:43:13
XmRUgMkODG@mail.ru,READ,2024-09-22 00:29:28
KYYfPMfXMWdeFt@ya.ru,CREATE,2024-09-22 22:53:00
KzzcLbNhb@gmail.com,CREATE,2024-09-22 13:53:40
XmRUgMkODG@mail.ru,READ,2024-09-22 14:12:51
zfAklc@ya.ru,CREATE,2024-09-22 12:08:12
hDADWxu@ya.ru,DELETE,2024-09-22 22:09:48
NrkhKnIaIk@mail.ru,READ,2024-09-22 02:46:28
XmRUgMkODG@mail.ru,UPDATE,2024-09-22 14:08:39
KYYfPMfXMWdeFt@ya.ru,READ,2024-09-22 17:42:37
qxJfUtsqAfOZ@ya.ru,READ,2024-09-22 04:45:16
KzzcLbNhb@gmail.com,DELETE,2024-09-22 07:36:03
XmRUgMkODG@mail.ru,DELETE,2024-09-22 06:29:37
zSohagjn@ya.ru,READ,2024-09-22 19:38:13
TRyYtZC@gmail.com,DELETE,2024-09-22 08:26:27
zfAklc@ya.ru,UPDATE,2024-09-22 10:21:22
NrkhKnIaIk@mail.ru,UPDATE,2024-09-22 04:39:50
qxJfUtsqAfOZ@ya.ru,READ,2024-09-22 20:55:09
XmRUgMkODG@mail.ru,READ,2024-09-22 10:52:37
zSohagjn@ya.ru,READ,2024-09-22 14:14:59
KYYfPMfXMWdeFt@ya.ru,READ,2024-09-22 08:33:19
hDADWxu@ya.ru,DELETE,2024-09-22 21:56:49
qxJfUtsqAfOZ@ya.ru,READ,2024-09-22 05:22:18
TRyYtZC@gmail.com,DELETE,2024-09-22 15:19:29
KzzcLbNhb@gmail.com,CREATE,2024-09-22 08:09:21
qxJfUtsqAfOZ@ya.ru,CREATE,2024-09-22 06:05:43
KYYfPMfXMWdeFt@ya.ru,READ,2024-09-22 11:46:26
zSohagjn@ya.ru,DELETE,2024-09-22 13:57:27
zfAklc@ya.ru,CREATE,2024-09-22 15:57:53
TRyYtZC@gmail.com,CREATE,2024-09-22 07:10:57
LMexzL@mail.ru,READ,2024-09-22 01:48:13
KzzcLbNhb@gmail.com,DELETE,2024-09-22 06:41:52
zSohagjn@ya.ru,UPDATE,2024-09-22 05:42:20
KYYfPMfXMWdeFt@ya.ru,CREATE,2024-09-22 07:03:12
hDADWxu@ya.ru,READ,2024-09-22 08:54:11
zfAklc@ya.ru,DELETE,2024-09-22 21:38:57
NrkhKnIaIk@mail.ru,DELETE,2024-09-22 08:28:03
TRyYtZC@gmail.com,READ,2024-09-22 07:52:25
zSohagjn@ya.ru,UPDATE,2024-09-22 20:34:49
LMexzL@mail.ru,READ,2024-09-22 15:34:18
zfAklc@ya.ru,READ,2024-09-22 22:09:14
KzzcLbNhb@gmail.com,UPDATE,2024-09-22 16:02:22
NrkhKnIaIk@mail.ru,READ,2024-09-22 09:16:42
qxJfUtsqAfOZ@ya.ru,DELETE,2024-09-22 12:16:51
KzzcLbNhb@gmail.com,UPDATE,2024-09-22 19:33:10
zfAklc@ya.ru,CREATE,2024-09-22 10:41:48
zSohagjn@ya.ru,CREATE,2024-09-22 16:44:59
hDADWxu@ya.ru,DELETE,2024-09-22 14:57:08
XmRUgMkODG@mail.ru,READ,2024-09-22 07:24:05
zSohagjn@ya.ru,DELETE,2024-09-22 17:21:14
TRyYtZC@gmail.com,DELETE,2024-09-22 12:41:15
hDADWxu@ya.ru,UPDATE,2024-09-22 13:27:33
KYYfPMfXMWdeFt@ya.ru,DELETE,2024-09-22 13:09:06
NrkhKnIaIk@mail.ru,DELETE,2024-09-22 05:25:15
NrkhKnIaIk@mail.ru,UPDATE,2024-09-22 19:37:04
KzzcLbNhb@gmail.com,CREATE,2024-09-22 13:21:50
XmRUgMkODG@mail.ru,READ,2024-09-22 04:27:14
TRyYtZC@gmail.com,DELETE,2024-09-22 02:23:54
NrkhKnIaIk@mail.ru,CREATE,2024-09-22 02:35:18
TRyYtZC@gmail.com,READ,2024-09-22 14:59:47
KYYfPMfXMWdeFt@ya.ru,CREATE,2024-09-22 00:18:57
KzzcLbNhb@gmail.com,CREATE,2024-09-22 02:12:31
KzzcLbNhb@gmail.com,DELETE,2024-09-22 05:50:41
NrkhKnIaIk@mail.ru,READ,2024-09-22 19:43:25
NrkhKnIaIk@mail.ru,CREATE,2024-09-22 19:35:03
zSohagjn@ya.ru,UPDATE,2024-09-22 16:30:54
zSohagjn@ya.ru,CREATE,2024-09-22 19:59:48
XmRUgMkODG@mail.ru,UPDATE,2024-09-22 15:34:02
qxJfUtsqAfOZ@ya.ru,DELETE,2024-09-22 12:48:02
qxJfUtsqAfOZ@ya.ru,CREATE,2024-09-22 06:35:18
KYYfPMfXMWdeFt@ya.ru,UPDATE,2024-09-22 06:48:51
zSohagjn@ya.ru,DELETE,2024-09-22 09:04:40
zSohagjn@ya.ru,UPDATE,2024-09-22 05:13:00
LMexzL@mail.ru,READ,2024-09-22 21:18:56
KzzcLbNhb@gmail.com,DELETE,2024-09-22 07:49:48
zSohagjn@ya.ru,CREATE,2024-09-22 16:53:23
qxJfUtsqAfOZ@ya.ru,UPDATE,2024-09-22 16:01:00
hDADWxu@ya.ru,UPDATE,2024-09-22 06:19:25
zSohagjn@ya.ru,UPDATE,2024-09-22 17:02:41
KzzcLbNhb@gmail.com,READ,2024-09-22 11:05:29
qxJfUtsqAfOZ@ya.ru,READ,2024-09-22 08:16:51
LMexzL@mail.ru,DELETE,2024-09-22 01:16:14
KYYfPMfXMWdeFt@ya.ru,READ,2024-09-22 04:15:50
KzzcLbNhb@gmail.com,CREATE,2024-09-22 11:25:14
LMexzL@mail.ru,READ,2024-09-22 02:48:46
LMexzL@mail.ru,UPDATE,2024-09-22 06:29:40
LMexzL@mail.ru,CREATE,2024-09-22 05:16:30
XmRUgMkODG@mail.ru,CREATE,2024-09-22 00:37:20
TRyYtZC@gmail.com,UPDATE,2024-09-22 15:38:56
KYYfPMfXMWdeFt@ya.ru,CREATE,2024-09-22 18:20:12
KYYfPMfXMWdeFt@ya.ru,UPDATE,2024-09-22 12:41:08
KYYfPMfXMWdeFt@ya.ru,CREATE,2024-09-22 17:44:54
KYYfPMfXMWdeFt@ya.ru,READ,2024-09-22 11:30:43
LMexzL@mail.ru,DELETE,2024-09-22 23:10:39
zfAklc@ya.ru,UPDATE,2024-09-22 00:58:32
qxJfUtsqAfOZ@ya.ru,CREATE,2024-09-22 14:57:23
qxJfUtsqAfOZ@ya.ru,UPDATE,2024-09-22 23:30:56
hDADWxu@ya.ru,UPDATE,2024-09-22 04:02:00
TRyYtZC@gmail.com,CREATE,2024-09-22 09:56:45
TRyYtZC@gmail.com,DELETE,2024-09-22 17:08:43
zSohagjn@ya.ru,READ,2024-09-22 05:58:51
zfAklc@ya.ru,DELETE,2024-09-22 09:24:48
KYYfPMfXMWdeFt@ya.ru,UPDATE,2024-09-22 12:37:05
NrkhKnIaIk@mail.ru,CREATE,2024-09-22 15:17:36
zfAklc@ya.ru,UPDATE,2024-09-22 00:35:56
NrkhKnIaIk@mail.ru,UPDATE,2024-09-22 01:08:00
NrkhKnIaIk@mail.ru,CREATE,2024-09-22 04:50:36
hDADWxu@ya.ru,READ,2024-09-22 22:24:13
KzzcLbNhb@gmail.com,UPDATE,2024-09-22 07:26:32
KYYfPMfXMWdeFt@ya.ru,READ,2024-09-22 19:05:23
KYYfPMfXMWdeFt@ya.ru,READ,2024-09-22 16:24:32
hDADWxu@ya.ru,CREATE,2024-09-22 11:29:50
hDADWxu@ya.ru,DELETE,2024-09-22 11:54:18
zfAklc@ya.ru,READ,2024-09-22 11:34:36
hDADWxu@ya.ru,READ,2024-09-22 22:15:31
hDADWxu@ya.ru,DELETE,2024-09-22 16:58:25
hDADWxu@ya.ru,DELETE,2024-09-22 17:00:29
zfAklc@ya.ru,CREATE,2024-09-22 17:38:51
qxJfUtsqAfOZ@ya.ru,READ,2024-09-22 09:54:01
zfAklc@ya.ru,DELETE,2024-09-22 09:35:09
qxJfUtsqAfOZ@ya.ru,UPDATE,2024-09-22 23:00:51
qxJfUtsqAfOZ@ya.ru,UPDATE,2024-09-22 17:51:47
KzzcLbNhb@gmail.com,READ,2024-09-22 00:23:48
NrkhKnIaIk@mail.ru,CREATE,2024-09-22 01:47:21
qxJfUtsqAfOZ@ya.ru,DELETE,2024-09-22 09:47:33
qxJfUtsqAfOZ@ya.ru,CREATE,2024-09-22 03:40:34
TRyYtZC@gmail.com,READ,2024-09-22 08:57:45
NrkhKnIaIk@mail.ru,DELETE,2024-09-22 11:33:46
LMexzL@mail.ru,CREATE,2024-09-22 20:23:24
zSohagjn@ya.ru,CREATE,2024-09-22 14:11:54
XmRUgMkODG@mail.ru,DELETE,2024-09-22 10:18:40
zSohagjn@ya.ru,CREATE,2024-09-22 17:23:50
KzzcLbNhb@gmail.com,READ,2024-09-22 08:51:46
KzzcLbNhb@gmail.com,UPDATE,2024-09-22 20:04:27
hDADWxu@ya.ru,UPDATE,2024-09-22 10:46:46
zfAklc@ya.ru,UPDATE,2024-09-22 15:06:46
zfAklc@ya.ru,DELETE,2024-09-22 15:18:54
NrkhKnIaIk@mail.ru,CREATE,2024-09-22 14:57:14
KzzcLbNhb@gmail.com,DELETE,2024-09-22 12:11:46
zfAklc@ya.ru,CREATE,2024-09-22 10:47:44
XmRUgMkODG@mail.ru,CREATE,2024-09-22 02:23:11
TRyYtZC@gmail.com,UPDATE,2024-09-22 02:49:59
KzzcLbNhb@gmail.com,DELETE,2024-09-22 08:15:34
KzzcLbNhb@gmail.com,CREATE,2024-09-22 12:16:49
hDADWxu@ya.ru,UPDATE,2024-09-22 00:13:35
LMexzL@mail.ru,DELETE,2024-09-22 11:51:11
KYYfPMfXMWdeFt@ya.ru,CREATE,2024-09-22 17:39:30
XmRUgMkODG@mail.ru,UPDATE,2024-09-22 19:23:33
TRyYtZC@gmail.com,READ,2024-09-22 05:28:26
KYYfPMfXMWdeFt@ya.ru,CREATE,2024-09-22 02:35:19
zfAklc@ya.ru,CREATE,2024-09-22 14:37:09
zSohagjn@ya.ru,CREATE,2024-09-22 16:34:00
LMexzL@mail.ru,DELETE,2024-09-22 01:19:08
KYYfPMfXMWdeFt@ya.ru,READ,2024-09-22 01:46:34
XmRUgMkODG@mail.ru,CREATE,2024-09-22 02:01:47
TRyYtZC@gmail.com,DELETE,2024-09-22 07:51:27
KYYfPMfXMWdeFt@ya.ru,CREATE,2024-09-22 04:47:42
KzzcLbNhb@gmail.com,CREATE,2024-09-22 16:50:30
hDADWxu@ya.ru,READ,2024-09-22 11:48:00
NrkhKnIaIk@mail.ru,CREATE,2024-09-22 05:51:46
TRyYtZC@gmail.com,UPDATE,2024-09-22 01:47:56
KzzcLbNhb@gmail.com,UPDATE,2024-09-22 23:25:26
qxJfUtsqAfOZ@ya.ru,DELETE,2024-09-22 08:14:15
zfAklc@ya.ru,DELETE,2024-09-22 11:02:35
LMexzL@mail.ru,READ,2024-09-22 05:24:54
hDADWxu@ya.ru,READ,2024-09-22 19:49:05
NrkhKnIaIk@mail.ru,CREATE,2024-09-22 23:34:13
KYYfPMfXMWdeFt@ya.ru,CREATE,2024-09-22 14:33:43
hDADWxu@ya.ru,READ,2024-09-22 15:53:41
zfAklc@ya.ru,UPDATE,2024-09-22 00:45:49
LMexzL@mail.ru,READ,2024-09-22 20:04:35
LMexzL@mail.ru,DELETE,2024-09-22 10:52:25
zfAklc@ya.ru,READ,2024-09-22 03:06:32
TRyYtZC@gmail.com,CREATE,2024-09-22 02:43:45
XmRUgMkODG@mail.ru,READ,2024-09-22 23:02:04
KYYfPMfXMWdeFt@ya.ru,DELETE,2024-09-22 10:13:10
zfAklc@ya.ru,UPDATE,2024-09-22 06:03:54
XmRUgMkODG@mail.ru,CREATE,2024-09-22 04:31:42
zfAklc@ya.ru,CREATE,2024-09-22 08:15:34
NrkhKnIaIk@mail.ru,READ,2024-09-22 07:03:00
LMexzL@mail.ru,READ,2024-09-22 04:30:08
LMexzL@mail.ru,UPDATE,2024-09-22 19:41:21
KYYfPMfXMWdeFt@ya.ru,UPDATE,2024-09-22 02:56:21
TRyYtZC@gmail.com,UPDATE,2024-09-22 23:03:32
XmRUgMkODG@mail.ru,CREATE,2024-09-22 12:41:40
KzzcLbNhb@gmail.com,DELETE,2024-09-22 17:36:58
zfAklc@ya.ru,UPDATE,2024-09-22 23:08:47
qxJfUtsqAfOZ@ya.ru,DELETE,2024-09-22 21:37:20
hDADWxu@ya.ru,READ,2024-09-22 04:40:37
zSohagjn@ya.ru,DELETE,2024-09-22 10:01:12
zSohagjn@ya.ru,READ,2024-09-22 13:33:09
hDADWxu@ya.ru,CREATE,2024-09-22 02:53:13
hDADWxu@ya.ru,CREATE,2024-09-22 20:57:24
KzzcLbNhb@gmail.com,DELETE,2024-09-22 15:10:30
TRyYtZC@gmail.com,CREATE,2024-09-22 15:34:23
KYYfPMfXMWdeFt@ya.ru,DELETE,2024-09-22 03:36:03
LMexzL@mail.ru,CREATE,2024-09-22 18:33:47
zfAklc@ya.ru,CREATE,2024-09-22 03:41:38
KYYfPMfXMWdeFt@ya.ru,READ,2024-09-22 08:58:18
zfAklc@ya.ru,DELETE,2024-09-22 00:13:39
KYYfPMfXMWdeFt@ya.ru,CREATE,2024-09-22 03:33:38
qxJfUtsqAfOZ@ya.ru,READ,2024-09-22 09:09:09
NrkhKnIaIk@mail.ru,CREATE,2024-09-22 11:46:49
XmRUgMkODG@mail.ru,CREATE,2024-09-22 22:06:06
LMexzL@mail.ru,DELETE,2024-09-22 02:07:15
zSohagjn@ya.ru,DELETE,2024-09-22 07:25:21
qxJfUtsqAfOZ@ya.ru,CREATE,2024-09-22 08:30:16
LMexzL@mail.ru,CREATE,2024-09-22 18:35:38
LMexzL@mail.ru,CREATE,2024-09-22 06:27:09
NrkhKnIaIk@mail.ru,UPDATE,2024-09-22 05:11:45
KzzcLbNhb@gmail.com,DELETE,2024-09-22 07:18:37
KYYfPMfXMWdeFt@ya.ru,CREATE,2024-09-22 21:12:12
NrkhKnIaIk@mail.ru,UPDATE,2024-09-22 00:16:56
NrkhKnIaIk@mail.ru,UPDATE,2024-09-22 12:51:44
NrkhKnIaIk@mail.ru,UPDATE,2024-09-22 04:57:21
zSohagjn@ya.ru,UPDATE,2024-09-22 16:50:08
LMexzL@mail.ru,CREATE,2024-09-22 01:14:16
zfAklc@ya.ru,DELETE,2024-09-22 23:49:31
zSohagjn@ya.ru,DELETE,2024-09-22 15:35:37
NrkhKnIaIk@mail.ru,CREATE,2024-09-22 17:08:05
XmRUgMkODG@mail.ru,UPDATE,2024-09-22 12:58:50
LMexzL@mail.ru,CREATE,2024-09-22 03:09:09
KYYfPMfXMWdeFt@ya.ru,READ,2024-09-22 18:52:54
XmRUgMkODG@mail.ru,UPDATE,2024-09-22 06:37:57
KYYfPMfXMWdeFt@ya.ru,READ,2024-09-22 10:00:55
zSohagjn@ya.ru,DELETE,2024-09-22 20:58:49
XmRUgMkODG@mail.ru,CREATE,2024-09-22 16:08:58
qxJfUtsqAfOZ@ya.ru,DELETE,2024-09-22 04:59:19
zfAklc@ya.ru,UPDATE,2024-09-22 05:13:44
qxJfUtsqAfOZ@ya.ru,READ,2024-09-22 16:50:27
XmRUgMkODG@mail.ru,READ,2024-09-22 17:55:03
TRyYtZC@gmail.com,READ,2024-09-22 05:30:05
LMexzL@mail.ru,DELETE,2024-09-22 18:43:30
TRyYtZC@gmail.com,READ,2024-09-22 23:29:12
XmRUgMkODG@mail.ru,CREATE,2024-09-22 05:15:44
zfAklc@ya.ru,DELETE,2024-09-22 05:15:48
hDADWxu@ya.ru,UPDATE,2024-09-22 22:35:03
NrkhKnIaIk@mail.ru,DELETE,2024-09-22 18:26:13
zfAklc@ya.ru,CREATE,2024-09-22 08:43:19
KYYfPMfXMWdeFt@ya.ru,CREATE,2024-09-22 00:09:04
KYYfPMfXMWdeFt@ya.ru,UPDATE,2024-09-22 16:54:56
qxJfUtsqAfOZ@ya.ru,DELETE,2024-09-22 20:44:49
LMexzL@mail.ru,READ,2024-09-22 12:49:50
zSohagjn@ya.ru,DELETE,2024-09-22 19:01:51
NrkhKnIaIk@mail.ru,DELETE,2024-09-22 14:22:55
KzzcLbNhb@gmail.com,DELETE,2024-09-22 01:38:31
qxJfUtsqAfOZ@ya.ru,DELETE,2024-09-22 22:03:50
NrkhKnIaIk@mail.ru,READ,2024-09-22 20:05:50
NrkhKnIaIk@mail.ru,UPDATE,2024-09-22 21:22:35
LMexzL@mail.ru,UPDATE,2024-09-22 20:55:41
qxJfUtsqAfOZ@ya.ru,CREATE,2024-09-22 17:47:33
NrkhKnIaIk@mail.ru,UPDATE,2024-09-22 23:04:40
LMexzL@mail.ru,DELETE,2024-09-22 14:20:02
LMexzL@mail.ru,READ,2024-09-22 22:15:26
KzzcLbNhb@gmail.com,DELETE,2024-09-22 06:44:29
zfAklc@ya.ru,READ,2024-09-22 16:20:04
zfAklc@ya.ru,UPDATE,2024-09-22 08:50:57
LMexzL@mail.ru,DELETE,2024-09-22 16:25:47
LMexzL@mail.ru,READ,2024-09-22 06:33:57
hDADWxu@ya.ru,READ,2024-09-22 20:27:32
qxJfUtsqAfOZ@ya.ru,CREATE,2024-09-22 13:56:06
KYYfPMfXMWdeFt@ya.ru,READ,2024-09-22 20:05:56
TRyYtZC@gmail.com,READ,2024-09-22 03:01:15
NrkhKnIaIk@mail.ru,UPDATE,2024-09-22 03:55:55
NrkhKnIaIk@mail.ru,CREATE,2024-09-22 05:51:53
NrkhKnIaIk@mail.ru,READ,2024-09-22 22:30:50
KYYfPMfXMWdeFt@ya.ru,READ,2024-09-22 00:51:00
qxJfUtsqAfOZ@ya.ru,UPDATE,2024-09-22 19:30:28
zSohagjn@ya.ru,READ,2024-09-22 13:03:06
XmRUgMkODG@mail.ru,DELETE,2024-09-22 23:59:29
KYYfPMfXMWdeFt@ya.ru,CREATE,2024-09-22 17:15:25
KzzcLbNhb@gmail.com,READ,2024-09-22 04:15:03
LMexzL@mail.ru,READ,2024-09-22 23:23:33
TRyYtZC@gmail.com,CREATE,2024-09-22 11:23:34
XmRUgMkODG@mail.ru,READ,2024-09-22 20:30:26
KYYfPMfXMWdeFt@ya.ru,CREATE,2024-09-22 21:31:35
qxJfUtsqAfOZ@ya.ru,UPDATE,2024-09-22 01:51:56
hDADWxu@ya.ru,CREATE,2024-09-22 07:57:23
hDADWxu@ya.ru,DELETE,2024-09-22 04:15:33
zSohagjn@ya.ru,UPDATE,2024-09-22 19:38:41
hDADWxu@ya.ru,CREATE,2024-09-22 14:51:26
NrkhKnIaIk@mail.ru,UPDATE,2024-09-22 22:42:48
zSohagjn@ya.ru,CREATE,2024-09-22 16:46:06
XmRUgMkODG@mail.ru,DELETE,2024-09-22 22:22:44
hDADWxu@ya.ru,DELETE,2024-09-22 13:06:05
NrkhKnIaIk@mail.ru,UPDATE,2024-09-22 11:00:28
zSohagjn@ya.ru,CREATE,2024-09-22 09:00:34
KYYfPMfXMWdeFt@ya.ru,UPDATE,2024-09-22 08:02:16
TRyYtZC@gmail.com,READ,2024-09-22 12:10:39
KYYfPMfXMWdeFt@ya.ru,UPDATE,2024-09-22 17:21:37
zSohagjn@ya.ru,CREATE,2024-09-22 22:57:59
LMexzL@mail.ru,UPDATE,2024-09-22 21:41:37
hDADWxu@ya.ru,CREATE,2024-09-22 17:26:28
KYYfPMfXMWdeFt@ya.ru,UPDATE,2024-09-22 13:38:46
qxJfUtsqAfOZ@ya.ru,UPDATE,2024-09-22 05:22:11
XmRUgMkODG@mail.ru,CREATE,2024-09-22 09:08:24
zSohagjn@ya.ru,CREATE,2024-09-22 05:06:38
LMexzL@mail.ru,CREATE,2024-09-22 19:17:06
zfAklc@ya.ru,READ,2024-09-22 03:13:29
NrkhKnIaIk@mail.ru,UPDATE,2024-09-22 05:10:07
qxJfUtsqAfOZ@ya.ru,CREATE,2024-09-22 02:56:35
TRyYtZC@gmail.com,READ,2024-09-22 02:58:41
LMexzL@mail.ru,READ,2024-09-22 09:41:24
NrkhKnIaIk@mail.ru,CREATE,2024-09-22 23:39:02
TRyYtZC@gmail.com,UPDATE,2024-09-22 00:02:24
XmRUgMkODG@mail.ru,UPDATE,2024-09-22 12:42:57
KzzcLbNhb@gmail.com,READ,2024-09-22 14:12:39
KzzcLbNhb@gmail.com,CREATE,2024-09-22 19:17:30
KzzcLbNhb@gmail.com,DELETE,2024-09-22 11:03:18
XmRUgMkODG@mail.ru,CREATE,2024-09-22 00:44:17
zSohagjn@ya.ru,READ,2024-09-22 06:35:57
qxJfUtsqAfOZ@ya.ru,CREATE,2024-09-22 06:48:25
KzzcLbNhb@gmail.com,DELETE,2024-09-22 10:44:06
KzzcLbNhb@gmail.com,UPDATE,2024-09-22 18:22:09
LMexzL@mail.ru,CREATE,2024-09-22 16:29:35
zfAklc@ya.ru,READ,2024-09-22 23:33:20
XmRUgMkODG@mail.ru,DELETE,2024-09-22 08:06:13
KzzcLbNhb@gmail.com,UPDATE,2024-09-22 17:30:39
zfAklc@ya.ru,READ,2024-09-22 22:02:14
hDADWxu@ya.ru,CREATE,2024-09-22 07:52:10
qxJfUtsqAfOZ@ya.ru,DELETE,2024-09-22 15:43:49
TRyYtZC@gmail.com,DELETE,2024-09-22 05:23:50
qxJfUtsqAfOZ@ya.ru,DELETE,2024-09-22 23:23:09
NrkhKnIaIk@mail.ru,READ,2024-09-22 03:41:03
KYYfPMfXMWdeFt@ya.ru,DELETE,2024-09-22 17:12:13
KzzcLbNhb@gmail.com,CREATE,2024-09-22 09:17:50
LMexzL@mail.ru,CREATE,2024-09-22 13:23:41
qxJfUtsqAfOZ@ya.ru,READ,2024-09-22 15:37:23
XmRUgMkODG@mail.ru,CREATE,2024-09-22 22:43:44
KzzcLbNhb@gmail.com,UPDATE,2024-09-22 14:12:11
TRyYtZC@gmail.com,UPDATE,2024-09-22 10:43:31
TRyYtZC@gmail.com,CREATE,2024-09-22 20:24:19
XmRUgMkODG@mail.ru,CREATE,2024-09-22 19:23:05
zSohagjn@ya.ru,READ,2024-09-22 15:15:20
KYYfPMfXMWdeFt@ya.ru,DELETE,2024-09-22 20:28:40
qxJfUtsqAfOZ@ya.ru,READ,2024-09-22 04:10:18
TRyYtZC@gmail.com,CREATE,2024-09-22 10:02:11
qxJfUtsqAfOZ@ya.ru,READ,2024-09-22 05:20:48
NrkhKnIaIk@mail.ru,CREATE,2024-09-22 02:28:07
KzzcLbNhb@gmail.com,UPDATE,2024-09-22 09:03:10
zSohagjn@ya.ru,DELETE,2024-09-22 14:40:06
NrkhKnIaIk@mail.ru,CREATE,2024-09-22 21:09:07
qxJfUtsqAfOZ@ya.ru,UPDATE,2024-09-22 08:13:12
qxJfUtsqAfOZ@ya.ru,CREATE,2024-09-22 13:18:28
XmRUgMkODG@mail.ru,DELETE,2024-09-22 16:51:05
hDADWxu@ya.ru,UPDATE,2024-09-22 20:48:23
XmRUgMkODG@mail.ru,DELETE,2024-09-22 10:54:23
hDADWxu@ya.ru,READ,2024-09-22 07:25:51
TRyYtZC@gmail.com,UPDATE,2024-09-22 03:29:06
zSohagjn@ya.ru,CREATE,2024-09-22 00:45:52
TRyYtZC@gmail.com,CREATE,2024-09-22 05:21:45
hDADWxu@ya.ru,READ,2024-09-22 15:44:44
zfAklc@ya.ru,UPDATE,2024-09-22 07:19:14
hDADWxu@ya.ru,DELETE,2024-09-22 19:46:02
XmRUgMkODG@mail.ru,CREATE,2024-09-22 18:42:42
KYYfPMfXMWdeFt@ya.ru,READ,2024-09-22 03:18:56
zfAklc@ya.ru,UPDATE,2024-09-22 14:12:05
KYYfPMfXMWdeFt@ya.ru,CREATE,2024-09-22 20:34:34
qxJfUtsqAfOZ@ya.ru,CREATE,2024-09-22 16:53:01
XmRUgMkODG@mail.ru,DELETE,2024-09-22 22:30:25
KYYfPMfXMWdeFt@ya.ru,READ,2024-09-22 18:29:06
hDADWxu@ya.ru,DELETE,2024-09-22 09:37:18
hDADWxu@ya.ru,READ,2024-09-22 02:50:05
TRyYtZC@gmail.com,CREATE,2024-09-22 02:10:18
TRyYtZC@gmail.com,READ,2024-09-22 14:42:47
qxJfUtsqAfOZ@ya.ru,CREATE,2024-09-22 17:18:51
qxJfUtsqAfOZ@ya.ru,UPDATE,2024-09-22 00:10:45
hDADWxu@ya.ru,UPDATE,2024-09-22 13:22:21
KzzcLbNhb@gmail.com,READ,2024-09-22 02:17:38
NrkhKnIaIk@mail.ru,DELETE,2024-09-22 07:02:40
zSohagjn@ya.ru,READ,2024-09-22 23:39:27
NrkhKnIaIk@mail.ru,UPDATE,2024-09-22 13:26:40
TRyYtZC@gmail.com,DELETE,2024-09-22 13:52:51
KYYfPMfXMWdeFt@ya.ru,UPDATE,2024-09-22 05:12:00
hDADWxu@ya.ru,CREATE,2024-09-22 17:32:36
XmRUgMkODG@mail.ru,UPDATE,2024-09-22 13:58:56
LMexzL@mail.ru,CREATE,2024-09-22 09:09:57
NrkhKnIaIk@mail.ru,READ,2024-09-22 16:16:47
TRyYtZC@gmail.com,CREATE,2024-09-22 21:02:47
hDADWxu@ya.ru,UPDATE,2024-09-22 21:55:31
KzzcLbNhb@gmail.com,CREATE,2024-09-22 18:19:52
KzzcLbNhb@gmail.com,READ,2024-09-22 10:49:51
zSohagjn@ya.ru,READ,2024-09-22 22:45:21
zSohagjn@ya.ru,UPDATE,2024-09-22 19:55:41
KzzcLbNhb@gmail.com,UPDATE,2024-09-22 12:32:32
KzzcLbNhb@gmail.com,UPDATE,2024-09-22 20:24:31
qxJfUtsqAfOZ@ya.ru,UPDATE,2024-09-22 06:55:13
zSohagjn@ya.ru,READ,2024-09-22 00:18:33
zSohagjn@ya.ru,CREATE,2024-09-22 01:14:31
NrkhKnIaIk@mail.ru,UPDATE,2024-09-22 17:39:47
XmRUgMkODG@mail.ru,DELETE,2024-09-22 07:58:23
KYYfPMfXMWdeFt@ya.ru,UPDATE,2024-09-22 19:38:00
XmRUgMkODG@mail.ru,READ,2024-09-22 02:55:38
TRyYtZC@gmail.com,READ,2024-09-22 02:28:34
zSohagjn@ya.ru,DELETE,2024-09-22 22:28:59
KzzcLbNhb@gmail.com,READ,2024-09-22 02:17:39
hDADWxu@ya.ru,UPDATE,2024-09-22 19:55:45
XmRUgMkODG@mail.ru,UPDATE,2024-09-22 04:28:58
zfAklc@ya.ru,DELETE,2024-09-22 13:50:58
hDADWxu@ya.ru,DELETE,2024-09-22 10:30:47
zfAklc@ya.ru,UPDATE,2024-09-22 07:49:42
KzzcLbNhb@gmail.com,DELETE,2024-09-22 19:31:16
hDADWxu@ya.ru,DELETE,2024-09-22 10:32:55
LMexzL@mail.ru,UPDATE,2024-09-22 07:14:35
XmRUgMkODG@mail.ru,UPDATE,2024-09-22 20:46:52
hDADWxu@ya.ru,DELETE,2024-09-22 19:02:30
zfAklc@ya.ru,READ,2024-09-22 09:21:06
zfAklc@ya.ru,UPDATE,2024-09-22 21:39:22
zfAklc@ya.ru,UPDATE,2024-09-22 18:46:35
KzzcLbNhb@gmail.com,READ,2024-09-22 01:44:37
NrkhKnIaIk@mail.ru,UPDATE,2024-09-22 13:22:30
hDADWxu@ya.ru,DELETE,2024-09-22 16:26:58
LMexzL@mail.ru,UPDATE,2024-09-22 01:27:15
NrkhKnIaIk@mail.ru,DELETE,2024-09-22 03:40:45
hDADWxu@ya.ru,DELETE,2024-09-22 16:16:42
zSohagjn@ya.ru,DELETE,2024-09-22 19:20:55
KYYfPMfXMWdeFt@ya.ru,DELETE,2024-09-22 08:10:59
KYYfPMfXMWdeFt@ya.ru,CREATE,2024-09-22 06:40:18
XmRUgMkODG@mail.ru,READ,2024-09-22 18:01:28
qxJfUtsqAfOZ@ya.ru,UPDATE,2024-09-22 14:43:00
hDADWxu@ya.ru,UPDATE,2024-09-22 21:56:57
qxJfUtsqAfOZ@ya.ru,READ,2024-09-22 20:06:55
zSohagjn@ya.ru,DELETE,2024-09-22 17:33:07
zSohagjn@ya.ru,READ,2024-09-22 18:51:52
TRyYtZC@gmail.com,CREATE,2024-09-22 18:11:33
zSohagjn@ya.ru,DELETE,2024-09-22 14:02:44
zfAklc@ya.ru,CREATE,2024-09-22 19:58:07
TRyYtZC@gmail.com,READ,2024-09-22 12:43:55
TRyYtZC@gmail.com,DELETE,2024-09-22 06:08:28
NrkhKnIaIk@mail.ru,UPDATE,2024-09-22 15:49:21
NrkhKnIaIk@mail.ru,CREATE,2024-09-22 01:55:59
qxJfUtsqAfOZ@ya.ru,UPDATE,2024-09-22 03:37:22
KzzcLbNhb@gmail.com,UPDATE,2024-09-22 20:15:43
zSohagjn@ya.ru,READ,2024-09-22 07:48:09
hDADWxu@ya.ru,UPDATE,2024-09-22 23:48:30
XmRUgMkODG@mail.ru,DELETE,2024-09-22 18:12:31
qxJfUtsqAfOZ@ya.ru,CREATE,2024-09-22 20:32:16
NrkhKnIaIk@mail.ru,CREATE,2024-09-22 12:47:13
qxJfUtsqAfOZ@ya.ru,UPDATE,2024-09-22 02:35:37
LMexzL@mail.ru,DELETE,2024-09-22 10:41:24
hDADWxu@ya.ru,CREATE,2024-09-22 13:10:57
zfAklc@ya.ru,CREATE,2024-09-22 04:27:20
NrkhKnIaIk@mail.ru,CREATE,2024-09-22 21:09:10
LMexzL@mail.ru,UPDATE,2024-09-22 21:01:46
KzzcLbNhb@gmail.com,DELETE,2024-09-22 00:15:38
zSohagjn@ya.ru,READ,2024-09-22 17:28:36
zfAklc@ya.ru,DELETE,2024-09-22 13:10:09
KzzcLbNhb@gmail.com,CREATE,2024-09-22 00:56:48
NrkhKnIaIk@mail.ru,UPDATE,2024-09-22 05:44:24
LMexzL@mail.ru,CREATE,2024-09-22 07:10:50
LMexzL@mail.ru,UPDATE,2024-09-22 11:20:10
zSohagjn@ya.ru,READ,2024-09-22 09:53:00
hDADWxu@ya.ru,READ,2024-09-22 16:30:15
qxJfUtsqAfOZ@ya.ru,READ,2024-09-22 19:53:07
zSohagjn@ya.ru,CREATE,2024-09-22 05:45:05
KYYfPMfXMWdeFt@ya.ru,CREATE,2024-09-22 22:58:23
XmRUgMkODG@mail.ru,DELETE,2024-09-22 07:23:58
KzzcLbNhb@gmail.com,UPDATE,2024-09-22 01:55:09
KYYfPMfXMWdeFt@ya.ru,UPDATE,2024-09-22 11:48:26
LMexzL@mail.ru,UPDATE,2024-09-22 02:20:52
TRyYtZC@gmail.com,UPDATE,2024-09-22 11:50:25
NrkhKnIaIk@mail.ru,CREATE,2024-09-22 10:38:44
TRyYtZC@gmail.com,DELETE,2024-09-22 21:00:22
TRyYtZC@gmail.com,DELETE,2024-09-22 19:35:36
zfAklc@ya.ru,READ,2024-09-22 19:16:46
zSohagjn@ya.ru,CREATE,2024-09-22 05:29:03
hDADWxu@ya.ru,READ,2024-09-22 09:02:49
KYYfPMfXMWdeFt@ya.ru,CREATE,2024-09-22 20:27:03
KYYfPMfXMWdeFt@ya.ru,READ,2024-09-22 16:16:33
KYYfPMfXMWdeFt@ya.ru,READ,2024-09-22 13:31:25
zSohagjn@ya.ru,DELETE,2024-09-22 04:49:06
NrkhKnIaIk@mail.ru,UPDATE,2024-09-22 21:25:54
zSohagjn@ya.ru,CREATE,2024-09-22 19:28:20
KYYfPMfXMWdeFt@ya.ru,CREATE,2024-09-22 07:18:49
zfAklc@ya.ru,UPDATE,2024-09-22 19:45:18
qxJfUtsqAfOZ@ya.ru,READ,2024-09-22 06:17:17
NrkhKnIaIk@mail.ru,DELETE,2024-09-22 14:59:26
zfAklc@ya.ru,UPDATE,2024-09-22 18:44:23
KzzcLbNhb@gmail.com,UPDATE,2024-09-22 08:01:12
hDADWxu@ya.ru,UPDATE,2024-09-22 11:56:19
KzzcLbNhb@gmail.com,CREATE,2024-09-22 17:14:51
XmRUgMkODG@mail.ru,DELETE,2024-09-22 01:41:48
KzzcLbNhb@gmail.com,DELETE,2024-09-22 08:13:01
LMexzL@mail.ru,CREATE,2024-09-22 21:56:58
KYYfPMfXMWdeFt@ya.ru,CREATE,2024-09-22 12:23:38
NrkhKnIaIk@mail.ru,READ,2024-09-22 03:58:12
KYYfPMfXMWdeFt@ya.ru,DELETE,2024-09-22 06:46:08
LMexzL@mail.ru,DELETE,2024-09-22 13:12:15
XmRUgMkODG@mail.ru,DELETE,2024-09-22 10:35:15
zSohagjn@ya.ru,CREATE,2024-09-22 15:09:52
zSohagjn@ya.ru,READ,2024-09-22 01:51:19
KzzcLbNhb@gmail.com,UPDATE,2024-09-22 22:24:10
LMexzL@mail.ru,CREATE,2024-09-22 23:35:17
LMexzL@mail.ru,CREATE,2024-09-22 06:38:28
hDADWxu@ya.ru,DELETE,2024-09-22 23:26:14
zSohagjn@ya.ru,DELETE,2024-09-22 11:32:22
LMexzL@mail.ru,DELETE,2024-09-22 02:50:10
KYYfPMfXMWdeFt@ya.ru,CREATE,2024-09-22 16:28:23
zSohagjn@ya.ru,UPDATE,2024-09-22 15:18:04
NrkhKnIaIk@mail.ru,DELETE,2024-09-22 04:56:18
hDADWxu@ya.ru,READ,2024-09-22 10:15:49
KzzcLbNhb@gmail.com,DELETE,2024-09-22 06:26:08
KYYfPMfXMWdeFt@ya.ru,CREATE,2024-09-22 23:36:53
XmRUgMkODG@mail.ru,READ,2024-09-22 01:50:53
zfAklc@ya.ru,UPDATE,2024-09-22 07:34:14
zfAklc@ya.ru,READ,2024-09-22 18:28:10
NrkhKnIaIk@mail.ru,CREATE,2024-09-22 11:17:31
zfAklc@ya.ru,UPDATE,2024-09-22 08:27:32
NrkhKnIaIk@mail.ru,READ,2024-09-22 18:38:24
KzzcLbNhb@gmail.com,DELETE,2024-09-22 14:44:31
KYYfPMfXMWdeFt@ya.ru,READ,2024-09-22 13:32:12
zfAklc@ya.ru,UPDATE,2024-09-22 12:07:00
TRyYtZC@gmail.com,UPDATE,2024-09-22 18:28:23
NrkhKnIaIk@mail.ru,CREATE,2024-09-22 02:19:39
TRyYtZC@gmail.com,CREATE,2024-09-22 10:15:32
zfAklc@ya.ru,CREATE,2024-09-22 18:21:13
TRyYtZC@gmail.com,UPDATE,2024-09-22 11:23:36
XmRUgMkODG@mail.ru,CREATE,2024-09-22 15:22:56
LMexzL@mail.ru,UPDATE,2024-09-22 19:04:17
XmRUgMkODG@mail.ru,READ,2024-09-22 23:43:04
zSohagjn@ya.ru,DELETE,2024-09-22 15:32:39
qxJfUtsqAfOZ@ya.ru,UPDATE,2024-09-22 02:02:02
zSohagjn@ya.ru,CREATE,2024-09-22 05:18:39
KYYfPMfXMWdeFt@ya.ru,DELETE,2024-09-22 19:34:25
hDADWxu@ya.ru,CREATE,2024-09-22 14:22:47
zSohagjn@ya.ru,DELETE,2024-09-22 09:37:43
TRyYtZC@gmail.com,DELETE,2024-09-22 22:53:37
XmRUgMkODG@mail.ru,CREATE,2024-09-22 21:28:42
KzzcLbNhb@gmail.com,READ,2024-09-22 22:11:10
hDADWxu@ya.ru,READ,2024-09-22 21:47:29
LMexzL@mail.ru,UPDATE,2024-09-22 12:58:19
KYYfPMfXMWdeFt@ya.ru,CREATE,2024-09-22 09:36:13
zSohagjn@ya.ru,DELETE,2024-09-22 02:23:41
KzzcLbNhb@gmail.com,CREATE,2024-09-22 17:38:43
hDADWxu@ya.ru,READ,2024-09-22 14:54:59
NrkhKnIaIk@mail.ru,READ,2024-09-22 15:49:19
KzzcLbNhb@gmail.com,UPDATE,2024-09-22 15:41:38
KzzcLbNhb@gmail.com,DELETE,2024-09-22 17:13:24
KzzcLbNhb@gmail.com,READ,2024-09-22 19:21:54
XmRUgMkODG@mail.ru,UPDATE,2024-09-22 15:20:04
hDADWxu@ya.ru,READ,2024-09-22 07:51:02
qxJfUtsqAfOZ@ya.ru,READ,2024-09-22 07:51:26
KYYfPMfXMWdeFt@ya.ru,DELETE,2024-09-22 09:55:40
NrkhKnIaIk@mail.ru,READ,2024-09-22 03:37:35
XmRUgMkODG@mail.ru,UPDATE,2024-09-22 17:20:22
NrkhKnIaIk@mail.ru,READ,2024-09-22 03:53:26
TRyYtZC@gmail.com,UPDATE,2024-09-22 01:13:05
XmRUgMkODG@mail.ru,READ,2024-09-22 19:00:01
zfAklc@ya.ru,DELETE,2024-09-22 03:36:48
TRyYtZC@gmail.com,READ,2024-09-22 16:52:42
TRyYtZC@gmail.com,DELETE,2024-09-22 18:20:24
XmRUgMkODG@mail.ru,DELETE,2024-09-22 04:29:40
qxJfUtsqAfOZ@ya.ru,CREATE,2024-09-22 13:02:41
zSohagjn@ya.ru,CREATE,2024-09-22 15:53:24
zSohagjn@ya.ru,READ,2024-09-22 03:06:04
LMexzL@mail.ru,READ,2024-09-22 00:32:27
NrkhKnIaIk@mail.ru,CREATE,2024-09-22 20:51:30
KYYfPMfXMWdeFt@ya.ru,READ,2024-09-22 03:05:08
KYYfPMfXMWdeFt@ya.ru,READ,2024-09-22 09:40:34
zSohagjn@ya.ru,UPDATE,2024-09-22 02:51:56
KzzcLbNhb@gmail.com,UPDATE,2024-09-22 10:50:57
NrkhKnIaIk@mail.ru,READ,2024-09-22 14:01:02
zfAklc@ya.ru,CREATE,2024-09-22 19:05:15
KzzcLbNhb@gmail.com,DELETE,2024-09-22 12:47:01
zSohagjn@ya.ru,CREATE,2024-09-22 20:26:55
qxJfUtsqAfOZ@ya.ru,READ,2024-09-22 19:30:04
hDADWxu@ya.ru,CREATE,2024-09-22 08:30:08
LMexzL@mail.ru,UPDATE,2024-09-22 02:12:34
XmRUgMkODG@mail.ru,CREATE,2024-09-22 21:01:59
KYYfPMfXMWdeFt@ya.ru,UPDATE,2024-09-22 10:56:47
XmRUgMkODG@mail.ru,DELETE,2024-09-22 23:00:01
qxJfUtsqAfOZ@ya.ru,DELETE,2024-09-22 09:39:00
zSohagjn@ya.ru,DELETE,2024-09-22 12:44:03
TRyYtZC@gmail.com,READ,2024-09-22 23:09:00
zSohagjn@ya.ru,DELETE,2024-09-22 10:25:08
qxJfUtsqAfOZ@ya.ru,UPDATE,2024-09-22 16:21:38
qxJfUtsqAfOZ@ya.ru,CREATE,2024-09-22 16:38:25
TRyYtZC@gmail.com,READ,2024-09-22 05:42:21
hDADWxu@ya.ru,READ,2024-09-22 15:32:15
hDADWxu@ya.ru,DELETE,2024-09-22 07:51:59
KzzcLbNhb@gmail.com,READ,2024-09-22 04:15:25
LMexzL@mail.ru,CREATE,2024-09-22 18:35:55
NrkhKnIaIk@mail.ru,DELETE,2024-09-22 23:58:57
XmRUgMkODG@mail.ru,UPDATE,2024-09-22 17:52:25
zfAklc@ya.ru,READ,2024-09-22 01:29:09
zfAklc@ya.ru,UPDATE,2024-09-22 10:00:50
XmRUgMkODG@mail.ru,DELETE,2024-09-22 20:08:10
KYYfPMfXMWdeFt@ya.ru,CREATE,2024-09-22 02:16:35
hDADWxu@ya.ru,UPDATE,2024-09-22 15:52:34
zfAklc@ya.ru,READ,2024-09-22 22:28:33
XmRUgMkODG@mail.ru,UPDATE,2024-09-22 16:28:37
KYYfPMfXMWdeFt@ya.ru,CREATE,2024-09-22 13:09:46
XmRUgMkODG@mail.ru,UPDATE,2024-09-22 00:15:41
KzzcLbNhb@gmail.com,READ,2024-09-22 07:00:24
KYYfPMfXMWdeFt@ya.ru,READ,2024-09-22 22:08:22
hDADWxu@ya.ru,CREATE,2024-09-22 15:22:23
zfAklc@ya.ru,DELETE,2024-09-22 02:15:04
qxJfUtsqAfOZ@ya.ru,DELETE,2024-09-22 11:16:07
KzzcLbNhb@gmail.com,DELETE,2024-09-22 09:47:31
KYYfPMfXMWdeFt@ya.ru,DELETE,2024-09-22 12:32:32
NrkhKnIaIk@mail.ru,DELETE,2024-09-22 07:45:54
hDADWxu@ya.ru,UPDATE,2024-09-22 22:43:46
KzzcLbNhb@gmail.com,READ,2024-09-22 09:28:23
qxJfUtsqAfOZ@ya.ru,CREATE,2024-09-22 02:44:02
TRyYtZC@gmail.com,DELETE,2024-09-22 15:50:23
zfAklc@ya.ru,READ,2024-09-22 10:45:40
hDADWxu@ya.ru,UPDATE,2024-09-22 12:31:07
zSohagjn@ya.ru,READ,2024-09-22 09:50:38
KzzcLbNhb@gmail.com,DELETE,2024-09-22 21:38:48
LMexzL@mail.ru,UPDATE,2024-09-22 03:03:41
zSohagjn@ya.ru,UPDATE,2024-09-22 07:49:48
TRyYtZC@gmail.com,DELETE,2024-09-22 14:29:38
hDADWxu@ya.ru,CREATE,2024-09-22 22:32:30
zfAklc@ya.ru,READ,2024-09-22 00:19:09
qxJfUtsqAfOZ@ya.ru,CREATE,2024-09-22 04:28:10
zSohagjn@ya.ru,DELETE,2024-09-22 13:22:04
hDADWxu@ya.ru,UPDATE,2024-09-22 17:39:14
XmRUgMkODG@mail.ru,UPDATE,2024-09-22 23:13:13
zfAklc@ya.ru,CREATE,2024-09-22 03:53:10
XmRUgMkODG@mail.ru,UPDATE,2024-09-22 11:03:04
TRyYtZC@gmail.com,READ,2024-09-22 16:02:41
zfAklc@ya.ru,CREATE,2024-09-22 23:29:55
hDADWxu@ya.ru,UPDATE,2024-09-22 00:33:40
KYYfPMfXMWdeFt@ya.ru,CREATE,2024-09-22 15:27:22
hDADWxu@ya.ru,READ,2024-09-22 10:48:31
qxJfUtsqAfOZ@ya.ru,READ,2024-09-22 11:55:50
LMexzL@mail.ru,UPDATE,2024-09-22 20:09:13
TRyYtZC@gmail.com,CREATE,2024-09-22 22:43:42
NrkhKnIaIk@mail.ru,CREATE,2024-09-22 22:03:02
LMexzL@mail.ru,UPDATE,2024-09-22 09:16:02
LMexzL@mail.ru,DELETE,2024-09-22 00:37:23
qxJfUtsqAfOZ@ya.ru,READ,2024-09-22 14:56:28
TRyYtZC@gmail.com,READ,2024-09-22 09:07:21
LMexzL@mail.ru,UPDATE,2024-09-22 14:57:33
XmRUgMkODG@mail.ru,DELETE,2024-09-22 07:38:09
qxJfUtsqAfOZ@ya.ru,DELETE,2024-09-22 00:28:49
hDADWxu@ya.ru,CREATE,2024-09-22 19:39:42
NrkhKnIaIk@mail.ru,CREATE,2024-09-22 15:27:45
TRyYtZC@gmail.com,UPDATE,2024-09-22 10:17:48
hDADWxu@ya.ru,DELETE,2024-09-22 12:23:45
KYYfPMfXMWdeFt@ya.ru,UPDATE,2024-09-22 04:19:42
qxJfUtsqAfOZ@ya.ru,UPDATE,2024-09-22 20:32:48
qxJfUtsqAfOZ@ya.ru,CREATE,2024-09-22 10:07:38
KYYfPMfXMWdeFt@ya.ru,READ,2024-09-22 17:57:05
KYYfPMfXMWdeFt@ya.ru,READ,2024-09-22 13:59:49
hDADWxu@ya.ru,READ,2024-09-22 23:17:35
hDADWxu@ya.ru,DELETE,2024-09-22 09:07:30
KzzcLbNhb@gmail.com,DELETE,2024-09-22 18:32:39
hDADWxu@ya.ru,READ,2024-09-22 04:42:30
LMexzL@mail.ru,READ,2024-09-22 17:07:18
KzzcLbNhb@gmail.com,DELETE,2024-09-22 13:59:26
TRyYtZC@gmail.com,READ,2024-09-22 14:22:42
KzzcLbNhb@gmail.com,DELETE,2024-09-22 23:21:30
zfAklc@ya.ru,DELETE,2024-09-22 09:08:11
zfAklc@ya.ru,CREATE,2024-09-22 04:33:22
XmRUgMkODG@mail.ru,CREATE,2024-09-22 08:11:10
zSohagjn@ya.ru,READ,2024-09-22 10:41:01
hDADWxu@ya.ru,CREATE,2024-09-22 08:48:20
KzzcLbNhb@gmail.com,CREATE,2024-09-22 23:26:51
LMexzL@mail.ru,CREATE,2024-09-22 10:05:46
XmRUgMkODG@mail.ru,UPDATE,2024-09-22 20:41:40
TRyYtZC@gmail.com,UPDATE,2024-09-22 03:18:59
zSohagjn@ya.ru,DELETE,2024-09-22 18:28:58
zfAklc@ya.ru,READ,2024-09-22 17:48:28
zfAklc@ya.ru,DELETE,2024-09-22 18:49:44
KYYfPMfXMWdeFt@ya.ru,READ,2024-09-22 03:44:38
zfAklc@ya.ru,READ,2024-09-22 08:26:04
XmRUgMkODG@mail.ru,UPDATE,2024-09-22 12:52:52
XmRUgMkODG@mail.ru,READ,2024-09-22 13:30:12
TRyYtZC@gmail.com,UPDATE,2024-09-22 09:59:34
TRyYtZC@gmail.com,UPDATE,2024-09-22 19:16:09
zfAklc@ya.ru,CREATE,2024-09-22 08:15:18
zfAklc@ya.ru,READ,2024-09-22 12:41:39
zfAklc@ya.ru,READ,2024-09-22 01:11:44
TRyYtZC@gmail.com,UPDATE,2024-09-22 20:38:23
KzzcLbNhb@gmail.com,READ,2024-09-22 21:31:07
NrkhKnIaIk@mail.ru,READ,2024-09-22 05:02:27
zfAklc@ya.ru,UPDATE,2024-09-22 21:02:50
LMexzL@mail.ru,READ,2024-09-22 21:14:10
hDADWxu@ya.ru,CREATE,2024-09-22 15:01:12
qxJfUtsqAfOZ@ya.ru,READ,2024-09-22 23:38:38
XmRUgMkODG@mail.ru,UPDATE,2024-09-22 09:50:14
hDADWxu@ya.ru,READ,2024-09-22 03:10:18
hDADWxu@ya.ru,UPDATE,2024-09-22 04:54:31
KzzcLbNhb@gmail.com,DELETE,2024-09-22 01:49:54
KzzcLbNhb@gmail.com,UPDATE,2024-09-22 20:47:34
zSohagjn@ya.ru,DELETE,2024-09-22 05:18:25
KYYfPMfXMWdeFt@ya.ru,UPDATE,2024-09-22 12:10:43
zfAklc@ya.ru,READ,2024-09-22 01:24:23
KYYfPMfXMWdeFt@ya.ru,CREATE,2024-09-22 18:05:42
zSohagjn@ya.ru,UPDATE,2024-09-22 10:17:04
KYYfPMfXMWdeFt@ya.ru,DELETE,2024-09-22 01:50:13
KYYfPMfXMWdeFt@ya.ru,CREATE,2024-09-22 05:50:34
KYYfPMfXMWdeFt@ya.ru,UPDATE,2024-09-22 11:12:44
hDADWxu@ya.ru,DELETE,2024-09-22 18:11:50
hDADWxu@ya.ru,CREATE,2024-09-22 23:01:33
zfAklc@ya.ru,READ,2024-09-22 05:13:45
hDADWxu@ya.ru,DELETE,2024-09-22 16:51:14
KzzcLbNhb@gmail.com,UPDATE,2024-09-22 06:49:16
TRyYtZC@gmail.com,DELETE,2024-09-22 22:03:00
hDADWxu@ya.ru,READ,2024-09-22 01:14:21
zfAklc@ya.ru,READ,2024-09-22 14:20:18
NrkhKnIaIk@mail.ru,UPDATE,2024-09-22 00:16:53
TRyYtZC@gmail.com,UPDATE,2024-09-22 06:27:02
XmRUgMkODG@mail.ru,UPDATE,2024-09-22 23:20:46
hDADWxu@ya.ru,READ,2024-09-22 22:33:49
zfAklc@ya.ru,READ,2024-09-22 06:34:43
KYYfPMfXMWdeFt@ya.ru,UPDATE,2024-09-22 21:26:56
KYYfPMfXMWdeFt@ya.ru,READ,2024-09-22 18:03:45
XmRUgMkODG@mail.ru,READ,2024-09-22 17:30:00
NrkhKnIaIk@mail.ru,READ,2024-09-22 22:18:02
KYYfPMfXMWdeFt@ya.ru,DELETE,2024-09-22 19:44:40
XmRUgMkODG@mail.ru,UPDATE,2024-09-22 01:40:29
KYYfPMfXMWdeFt@ya.ru,CREATE,2024-09-22 14:27:29
hDADWxu@ya.ru,UPDATE,2024-09-22 23:05:40
KYYfPMfXMWdeFt@ya.ru,UPDATE,2024-09-22 01:37:12
LMexzL@mail.ru,UPDATE,2024-09-22 13:39:11
KYYfPMfXMWdeFt@ya.ru,UPDATE,2024-09-22 10:11:59
NrkhKnIaIk@mail.ru,DELETE,2024-09-22 03:41:13
zfAklc@ya.ru,CREATE,2024-09-22 17:48:43
zfAklc@ya.ru,CREATE,2024-09-22 01:30:38
TRyYtZC@gmail.com,CREATE,2024-09-22 01:09:39
LMexzL@mail.ru,DELETE,2024-09-22 21:13:57
qxJfUtsqAfOZ@ya.ru,READ,2024-09-22 03:05:27
zSohagjn@ya.ru,READ,2024-09-22 03:42:43
TRyYtZC@gmail.com,CREATE,2024-09-22 04:03:44
zfAklc@ya.ru,CREATE,2024-09-22 17:05:26
KYYfPMfXMWdeFt@ya.ru,READ,2024-09-22 19:55:08
LMexzL@mail.ru,CREATE,2024-09-22 14:01:11
hDADWxu@ya.ru,READ,2024-09-22 06:29:00
NrkhKnIaIk@mail.ru,DELETE,2024-09-22 21:23:25
NrkhKnIaIk@mail.ru,READ,2024-09-22 04:28:41
zfAklc@ya.ru,CREATE,2024-09-22 21:26:35
NrkhKnIaIk@mail.ru,CREATE,2024-09-22 00:28:12
KYYfPMfXMWdeFt@ya.ru,READ,2024-09-22 17:30:22
TRyYtZC@gmail.com,UPDATE,2024-09-22 03:44:34
zSohagjn@ya.ru,READ,2024-09-22 05:14:42
KYYfPMfXMWdeFt@ya.ru,UPDATE,2024-09-22 19:06:17
LMexzL@mail.ru,DELETE,2024-09-22 05:21:39
hDADWxu@ya.ru,READ,2024-09-22 23:33:23
XmRUgMkODG@mail.ru,DELETE,2024-09-22 21:58:18
XmRUgMkODG@mail.ru,UPDATE,2024-09-22 00:16:58
NrkhKnIaIk@mail.ru,READ,2024-09-22 06:47:08
hDADWxu@ya.ru,READ,2024-09-22 09:48:46
KYYfPMfXMWdeFt@ya.ru,CREATE,2024-09-22 07:59:27
qxJfUtsqAfOZ@ya.ru,READ,2024-09-22 14:30:29
NrkhKnIaIk@mail.ru,UPDATE,2024-09-22 15:16:10
KYYfPMfXMWdeFt@ya.ru,UPDATE,2024-09-22 03:44:15
XmRUgMkODG@mail.ru,READ,2024-09-22 13:12:09
XmRUgMkODG@mail.ru,READ,2024-09-22 02:46:29
LMexzL@mail.ru,UPDATE,2024-09-22 21:36:35
KzzcLbNhb@gmail.com,READ,2024-09-22 11:49:03
LMexzL@mail.ru,CREATE,2024-09-22 19:57:29
zfAklc@ya.ru,DELETE,2024-09-22 10:46:05
qxJfUtsqAfOZ@ya.ru,CREATE,2024-09-22 14:36:33
zSohagjn@ya.ru,UPDATE,2024-09-22 01:31:05
KYYfPMfXMWdeFt@ya.ru,UPDATE,2024-09-22 06:45:58
zSohagjn@ya.ru,UPDATE,2024-09-22 07:36:13
zfAklc@ya.ru,READ,2024-09-22 04:02:19
qxJfUtsqAfOZ@ya.ru,DELETE,2024-09-22 09:25:35
XmRUgMkODG@mail.ru,DELETE,2024-09-22 23:21:54
NrkhKnIaIk@mail.ru,DELETE,2024-09-22 10:07:56
NrkhKnIaIk@mail.ru,READ,2024-09-22 11:07:23
TRyYtZC@gmail.com,CREATE,2024-09-22 23:33:30
zfAklc@ya.ru,UPDATE,2024-09-22 21:19:41
TRyYtZC@gmail.com,CREATE,2024-09-22 03:57:27
KYYfPMfXMWdeFt@ya.ru,DELETE,2024-09-22 13:02:01
TRyYtZC@gmail.com,DELETE,2024-09-22 14:04:36
NrkhKnIaIk@mail.ru,UPDATE,2024-09-22 20:04:28
TRyYtZC@gmail.com,READ,2024-09-22 07:52:46
zSohagjn@ya.ru,READ,2024-09-22 19:22:14
zSohagjn@ya.ru,READ,2024-09-22 16:44:12
NrkhKnIaIk@mail.ru,READ,2024-09-22 08:21:54
KzzcLbNhb@gmail.com,CREATE,2024-09-22 19:01:36
qxJfUtsqAfOZ@ya.ru,CREATE,2024-09-22 23:52:19
XmRUgMkODG@mail.ru,DELETE,2024-09-22 03:33:01
TRyYtZC@gmail.com,DELETE,2024-09-22 17:21:20
NrkhKnIaIk@mail.ru,DELETE,2024-09-22 03:50:37
zSohagjn@ya.ru,DELETE,2024-09-22 12:16:53
XmRUgMkODG@mail.ru,UPDATE,2024-09-22 01:47:13
qxJfUtsqAfOZ@ya.ru,CREATE,2024-09-22 11:19:12
zfAklc@ya.ru,UPDATE,2024-09-22 21:04:13
XmRUgMkODG@mail.ru,READ,2024-09-22 08:05:01
zSohagjn@ya.ru,READ,2024-09-22 07:19:13
zfAklc@ya.ru,UPDATE,2024-09-22 23:41:25
zfAklc@ya.ru,READ,2024-09-22 02:05:23
KzzcLbNhb@gmail.com,READ,2024-09-22 08:22:07
zfAklc@ya.ru,UPDATE,2024-09-22 11:36:26
NrkhKnIaIk@mail.ru,UPDATE,2024-09-22 13:08:50
NrkhKnIaIk@mail.ru,DELETE,2024-09-22 11:32:09
TRyYtZC@gmail.com,DELETE,2024-09-22 15:05:01
TRyYtZC@gmail.com,UPDATE,2024-09-22 17:26:30
zSohagjn@ya.ru,UPDATE,2024-09-22 09:55:24
hDADWxu@ya.ru,READ,2024-09-22 06:45:41
KzzcLbNhb@gmail.com,READ,2024-09-22 11:18:14
TRyYtZC@gmail.com,READ,2024-09-22 19:31:32
KzzcLbNhb@gmail.com,READ,2024-09-22 12:32:19
zfAklc@ya.ru,READ,2024-09-22 04:40:01
NrkhKnIaIk@mail.ru,READ,2024-09-22 16:03:36
NrkhKnIaIk@mail.ru,READ,2024-09-22 12:47:08
TRyYtZC@gmail.com,DELETE,2024-09-22 02:50:56
TRyYtZC@gmail.com,DELETE,2024-09-22 11:14:59
zfAklc@ya.ru,CREATE,2024-09-22 20:10:27
XmRUgMkODG@mail.ru,READ,2024-09-22 02:58:22
LMexzL@mail.ru,UPDATE,2024-09-22 04:11:05
NrkhKnIaIk@mail.ru,READ,2024-09-22 13:45:23
hDADWxu@ya.ru,DELETE,2024-09-22 04:25:56
zSohagjn@ya.ru,READ,2024-09-22 22:27:00
hDADWxu@ya.ru,UPDATE,2024-09-22 11:45:08
qxJfUtsqAfOZ@ya.ru,DELETE,2024-09-22 04:01:37
zSohagjn@ya.ru,DELETE,2024-09-22 04:49:36
XmRUgMkODG@mail.ru,UPDATE,2024-09-22 05:55:22
LMexzL@mail.ru,CREATE,2024-09-22 10:09:42
KzzcLbNhb@gmail.com,CREATE,2024-09-22 10:24:40
NrkhKnIaIk@mail.ru,CREATE,2024-09-22 15:51:07
XmRUgMkODG@mail.ru,READ,2024-09-22 17:13:15
zfAklc@ya.ru,CREATE,2024-09-22 05:10:48
TRyYtZC@gmail.com,DELETE,2024-09-22 20:21:09
zSohagjn@ya.ru,READ,2024-09-22 13:57:09
qxJfUtsqAfOZ@ya.ru,UPDATE,2024-09-22 11:21:29
LMexzL@mail.ru,CREATE,2024-09-22 10:12:55
zSohagjn@ya.ru,UPDATE,2024-09-22 19:58:06
TRyYtZC@gmail.com,UPDATE,2024-09-22 01:20:46
zfAklc@ya.ru,CREATE,2024-09-22 20:14:48
LMexzL@mail.ru,READ,2024-09-22 15:04:20
TRyYtZC@gmail.com,UPDATE,2024-09-22 19:08:53
hDADWxu@ya.ru,READ,2024-09-22 19:06:37
NrkhKnIaIk@mail.ru,CREATE,2024-09-22 01:07:57
zSohagjn@ya.ru,CREATE,2024-09-22 21:08:33
qxJfUtsqAfOZ@ya.ru,UPDATE,2024-09-22 20:49:50
LMexzL@mail.ru,CREATE,2024-09-22 17:39:27
LMexzL@mail.ru,READ,2024-09-22 19:06:18
qxJfUtsqAfOZ@ya.ru,UPDATE,2024-09-22 22:08:46
zfAklc@ya.ru,READ,2024-09-22 11:25:52
zSohagjn@ya.ru,READ,2024-09-22 10:54:42
hDADWxu@ya.ru,CREATE,2024-09-22 16:53:15
XmRUgMkODG@mail.ru,READ,2024-09-22 22:55:59
qxJfUtsqAfOZ@ya.ru,READ,2024-09-22 01:36:09
XmRUgMkODG@mail.ru,DELETE,2024-09-22 04:16:24
KzzcLbNhb@gmail.com,READ,2024-09-22 04:34:00
LMexzL@mail.ru,CREATE,2024-09-22 20:55:05
TRyYtZC@gmail.com,READ,2024-09-22 18:19:50
zfAklc@ya.ru,CREATE,2024-09-22 06:10:06
zfAklc@ya.ru,CREATE,2024-09-22 19:29:50
KzzcLbNhb@gmail.com,DELETE,2024-09-22 10:51:21
hDADWxu@ya.ru,DELETE,2024-09-22 20:49:44
zSohagjn@ya.ru,DELETE,2024-09-22 12:37:36
zSohagjn@ya.ru,CREATE,2024-09-22 00:29:55
XmRUgMkODG@mail.ru,CREATE,2024-09-22 03:14:21
hDADWxu@ya.ru,UPDATE,2024-09-22 01:13:38
KzzcLbNhb@gmail.com,UPDATE,2024-09-22 10:05:55
zSohagjn@ya.ru,DELETE,2024-09-22 15:57:15
NrkhKnIaIk@mail.ru,DELETE,2024-09-22 13:11:40
TRyYtZC@gmail.com,CREATE,2024-09-22 00:18:56
zSohagjn@ya.ru,DELETE,2024-09-22 11:35:15
NrkhKnIaIk@mail.ru,READ,2024-09-22 05:06:52
qxJfUtsqAfOZ@ya.ru,UPDATE,2024-09-22 23:05:57
LMexzL@mail.ru,DELETE,2024-09-22 21:06:50
zfAklc@ya.ru,UPDATE,2024-09-22 16:41:22
NrkhKnIaIk@mail.ru,CREATE,2024-09-22 07:32:00
qxJfUtsqAfOZ@ya.ru,UPDATE,2024-09-22 14:52:04
KzzcLbNhb@gmail.com,READ,2024-09-22 22:33:11
NrkhKnIaIk@mail.ru,UPDATE,2024-09-22 11:10:06
LMexzL@mail.ru,READ,2024-09-22 01:09:34
hDADWxu@ya.ru,CREATE,2024-09-22 15:25:39
KYYfPMfXMWdeFt@ya.ru,UPDATE,2024-09-22 01:01:25
TRyYtZC@gmail.com,READ,2024-09-22 10:30:05
NrkhKnIaIk@mail.ru,DELETE,2024-09-22 06:40:11
NrkhKnIaIk@mail.ru,READ,2024-09-22 11:44:53
hDADWxu@ya.ru,READ,2024-09-22 17:53:41
LMexzL@mail.ru,READ,2024-09-22 21:23:23
LMexzL@mail.ru,UPDATE,2024-09-22 19:37:26
qxJfUtsqAfOZ@ya.ru,UPDATE,2024-09-22 19:00:35
zfAklc@ya.ru,CREATE,2024-09-22 17:57:07
XmRUgMkODG@mail.ru,READ,2024-09-22 18:45:43
hDADWxu@ya.ru,CREATE,2024-09-22 19:19:55
hDADWxu@ya.ru,CREATE,2024-09-22 16:13:22
NrkhKnIaIk@mail.ru,UPDATE,2024-09-22 23:47:11
qxJfUtsqAfOZ@ya.ru,UPDATE,2024-09-22 05:35:00
zfAklc@ya.ru,UPDATE,2024-09-22 16:36:43
hDADWxu@ya.ru,CREATE,2024-09-22 04:23:46
XmRUgMkODG@mail.ru,CREATE,2024-09-22 17:47:08
zSohagjn@ya.ru,DELETE,2024-09-22 12:03:28
LMexzL@mail.ru,READ,2024-09-22 03:37:42
TRyYtZC@gmail.com,CREATE,2024-09-22 17:28:33
hDADWxu@ya.ru,DELETE,2024-09-22 21:45:59
KzzcLbNhb@gmail.com,DELETE,2024-09-22 23:23:17
hDADWxu@ya.ru,READ,2024-09-22 16:52:23
XmRUgMkODG@mail.ru,UPDATE,2024-09-22 12:28:13
LMexzL@mail.ru,DELETE,2024-09-22 10:19:59
KzzcLbNhb@gmail.com,READ,2024-09-22 02:20:00
KzzcLbNhb@gmail.com,CREATE,2024-09-22 22:51:01
KzzcLbNhb@gmail.com,CREATE,2024-09-22 14:22:17
zSohagjn@ya.ru,CREATE,2024-09-22 07:34:35
hDADWxu@ya.ru,DELETE,2024-09-22 03:12:11
qxJfUtsqAfOZ@ya.ru,CREATE,2024-09-22 19:42:23
KzzcLbNhb@gmail.com,READ,2024-09-22 15:26:04
KzzcLbNhb@gmail.com,UPDATE,2024-09-22 10:40:36
TRyYtZC@gmail.com,CREATE,2024-09-22 16:30:15
KzzcLbNhb@gmail.com,DELETE,2024-09-22 03:58:56
KzzcLbNhb@gmail.com,CREATE,2024-09-22 05:41:03
XmRUgMkODG@mail.ru,DELETE,2024-09-22 20:23:59
zfAklc@ya.ru,CREATE,2024-09-22 23:35:07
TRyYtZC@gmail.com,DELETE,2024-09-22 03:48:32
KYYfPMfXMWdeFt@ya.ru,CREATE,2024-09-22 12:58:27
zfAklc@ya.ru,UPDATE,2024-09-22 15:24:17
zSohagjn@ya.ru,UPDATE,2024-09-22 00:42:56
NrkhKnIaIk@mail.ru,UPDATE,2024-09-22 16:32:32
KYYfPMfXMWdeFt@ya.ru,CREATE,2024-09-22 00:02:36
zSohagjn@ya.ru,UPDATE,2024-09-22 12:39:38
KzzcLbNhb@gmail.com,DELETE,2024-09-22 02:19:35
qxJfUtsqAfOZ@ya.ru,CREATE,2024-09-22 12:39:26
zSohagjn@ya.ru,READ,2024-09-22 03:15:58
TRyYtZC@gmail.com,UPDATE,2024-09-22 14:53:47
NrkhKnIaIk@mail.ru,UPDATE,2024-09-22 09:51:06
zfAklc@ya.ru,UPDATE,2024-09-22 23:04:19
hDADWxu@ya.ru,READ,2024-09-22 08:29:24
zfAklc@ya.ru,READ,2024-09-22 21:29:47
KzzcLbNhb@gmail.com,CREATE,2024-09-22 08:18:30
LMexzL@mail.ru,CREATE,2024-09-22 02:40:58
KYYfPMfXMWdeFt@ya.ru,CREATE,2024-09-22 12:23:33
KzzcLbNhb@gmail.com,CREATE,2024-09-22 03:59:34
zfAklc@ya.ru,READ,2024-09-22 03:14:00
TRyYtZC@gmail.com,DELETE,2024-09-22 17:27:26
hDADWxu@ya.ru,UPDATE,2024-09-22 14:39:02
XmRUgMkODG@mail.ru,READ,2024-09-22 23:56:40
TRyYtZC@gmail.com,READ,2024-09-22 06:07:40
TRyYtZC@gmail.com,DELETE,2024-09-22 22:47:58
KzzcLbNhb@gmail.com,UPDATE,2024-09-22 15:56:41
KYYfPMfXMWdeFt@ya.ru,CREATE,2024-09-22 03:53:41
zSohagjn@ya.ru,DELETE,2024-09-22 05:47:01
hDADWxu@ya.ru,READ,2024-09-22 06:29:44
zfAklc@ya.ru,CREATE,2024-09-22 14:42:23
TRyYtZC@gmail.com,DELETE,2024-09-22 12:38:06
TRyYtZC@gmail.com,UPDATE,2024-09-22 02:01:06
KYYfPMfXMWdeFt@ya.ru,CREATE,2024-09-22 00:16:19
NrkhKnIaIk@mail.ru,UPDATE,2024-09-22 09:44:51
zSohagjn@ya.ru,UPDATE,2024-09-22 13:45:58
XmRUgMkODG@mail.ru,READ,2024-09-22 21:31:30
hDADWxu@ya.ru,DELETE,2024-09-22 12:12:59
zSohagjn@ya.ru,READ,2024-09-22 00:53:47
NrkhKnIaIk@mail.ru,READ,2024-09-22 19:31:40
XmRUgMkODG@mail.ru,CREATE,2024-09-22 02:26:25
zfAklc@ya.ru,DELETE,2024-09-22 22:04:20
XmRUgMkODG@mail.ru,READ,2024-09-22 07:23:38
KzzcLbNhb@gmail.com,UPDATE,2024-09-22 15:22:17
KYYfPMfXMWdeFt@ya.ru,READ,2024-09-22 07:32:55
qxJfUtsqAfOZ@ya.ru,READ,2024-09-22 01:31:46
zSohagjn@ya.ru,READ,2024-09-22 09:30:11
hDADWxu@ya.ru,CREATE,2024-09-22 10:24:41
XmRUgMkODG@mail.ru,CREATE,2024-09-22 05:32:16
TRyYtZC@gmail.com,CREATE,2024-09-22 21:40:13
XmRUgMkODG@mail.ru,DELETE,2024-09-22 18:12:53
qxJfUtsqAfOZ@ya.ru,UPDATE,2024-09-22 02:33:11
KYYfPMfXMWdeFt@ya.ru,READ,2024-09-22 06:17:03
hDADWxu@ya.ru,DELETE,2024-09-22 20:47:20
zSohagjn@ya.ru,UPDATE,2024-09-22 17:28:01
zfAklc@ya.ru,READ,2024-09-22 10:23:21
TRyYtZC@gmail.com,CREATE,2024-09-22 23:34:43
XmRUgMkODG@mail.ru,DELETE,2024-09-22 16:13:32
zSohagjn@ya.ru,CREATE,2024-09-22 23:03:54
LMexzL@mail.ru,READ,2024-09-22 07:28:05
NrkhKnIaIk@mail.ru,DELETE,2024-09-22 14:37:19
KzzcLbNhb@gmail.com,DELETE,2024-09-22 03:17:15
zSohagjn@ya.ru,READ,2024-09-22 15:05:46
KYYfPMfXMWdeFt@ya.ru,DELETE,2024-09-22 06:41:55
zfAklc@ya.ru,DELETE,2024-09-22 10:03:07
TRyYtZC@gmail.com,READ,2024-09-22 04:02:01
XmRUgMkODG@mail.ru,UPDATE,2024-09-22 04:02:57
XmRUgMkODG@mail.ru,CREATE,2024-09-22 20:11:40
NrkhKnIaIk@mail.ru,READ,2024-09-22 21:48:00
KzzcLbNhb@gmail.com,DELETE,2024-09-22 15:36:33
NrkhKnIaIk@mail.ru,DELETE,2024-09-22 21:39:44
TRyYtZC@gmail.com,DELETE,2024-09-22 20:17:27
KzzcLbNhb@gmail.com,UPDATE,2024-09-22 09:35:08
zSohagjn@ya.ru,UPDATE,2024-09-22 19:28:23
qxJfUtsqAfOZ@ya.ru,DELETE,2024-09-22 08:51:47
zSohagjn@ya.ru,DELETE,2024-09-22 00:28:47
NrkhKnIaIk@mail.ru,READ,2024-09-22 17:44:21
TRyYtZC@gmail.com,DELETE,2024-09-22 18:37:32
zSohagjn@ya.ru,UPDATE,2024-09-22 19:08:11
KYYfPMfXMWdeFt@ya.ru,READ,2024-09-22 19:10:19
NrkhKnIaIk@mail.ru,READ,2024-09-22 08:44:44
KzzcLbNhb@gmail.com,READ,2024-09-22 04:31:59
TRyYtZC@gmail.com,DELETE,2024-09-22 13:04:05
TRyYtZC@gmail.com,CREATE,2024-09-22 10:17:34
zSohagjn@ya.ru,DELETE,2024-09-22 04:31:14
NrkhKnIaIk@mail.ru,UPDATE,2024-09-22 05:15:49
TRyYtZC@gmail.com,UPDATE,2024-09-22 06:37:13
KzzcLbNhb@gmail.com,UPDATE,2024-09-22 23:50:43
NrkhKnIaIk@mail.ru,READ,2024-09-22 06:02:37
TRyYtZC@gmail.com,CREATE,2024-09-22 14:59:48
KYYfPMfXMWdeFt@ya.ru,DELETE,2024-09-22 04:53:01
TRyYtZC@gmail.com,READ,2024-09-22 23:55:09
hDADWxu@ya.ru,CREATE,2024-09-22 05:01:45
hDADWxu@ya.ru,DELETE,2024-09-22 21:52:45
qxJfUtsqAfOZ@ya.ru,UPDATE,2024-09-22 20:33:31
qxJfUtsqAfOZ@ya.ru,UPDATE,2024-09-22 14:35:21
KzzcLbNhb@gmail.com,READ,2024-09-22 01:25:47
LMexzL@mail.ru,DELETE,2024-09-22 18:58:01
XmRUgMkODG@mail.ru,CREATE,2024-09-22 04:55:18
zfAklc@ya.ru,CREATE,2024-09-22 05:28:09
KzzcLbNhb@gmail.com,READ,2024-09-22 15:41:50
TRyYtZC@gmail.com,READ,2024-09-22 03:22:05
KzzcLbNhb@gmail.com,DELETE,2024-09-22 10:17:27
KYYfPMfXMWdeFt@ya.ru,READ,2024-09-22 11:36:55
zfAklc@ya.ru,UPDATE,2024-09-22 17:59:32
TRyYtZC@gmail.com,CREATE,2024-09-22 16:43:45
hDADWxu@ya.ru,UPDATE,2024-09-22 23:56:41
zSohagjn@ya.ru,READ,2024-09-22 14:14:22
XmRUgMkODG@mail.ru,UPDATE,2024-09-22 01:42:06
zSohagjn@ya.ru,CREATE,2024-09-22 14:54:18
TRyYtZC@gmail.com,UPDATE,2024-09-22 00:26:10
NrkhKnIaIk@mail.ru,READ,2024-09-22 01:09:24
TRyYtZC@gmail.com,CREATE,2024-09-22 07:38:23
hDADWxu@ya.ru,DELETE,2024-09-22 08:13:02
hDADWxu@ya.ru,UPDATE,2024-09-22 16:56:09
TRyYtZC@gmail.com,DELETE,2024-09-22 00:12:30
XmRUgMkODG@mail.ru,DELETE,2024-09-22 04:04:05
qxJfUtsqAfOZ@ya.ru,DELETE,2024-09-22 05:04:56
hDADWxu@ya.ru,DELETE,2024-09-22 14:13:39
NrkhKnIaIk@mail.ru,UPDATE,2024-09-22 08:45:32
KzzcLbNhb@gmail.com,UPDATE,2024-09-22 04:34:11
KzzcLbNhb@gmail.com,CREATE,2024-09-22 04:06:54
zSohagjn@ya.ru,READ,2024-09-22 21:25:58
KYYfPMfXMWdeFt@ya.ru,DELETE,2024-09-22 05:19:46
KzzcLbNhb@gmail.com,UPDATE,2024-09-22 00:51:23
NrkhKnIaIk@mail.ru,READ,2024-09-22 06:19:12
qxJfUtsqAfOZ@ya.ru,UPDATE,2024-09-22 06:00:25
XmRUgMkODG@mail.ru,UPDATE,2024-09-22 22:21:27
zSohagjn@ya.ru,DELETE,2024-09-22 04:27:40
LMexzL@mail.ru,DELETE,2024-09-22 18:17:56
zSohagjn@ya.ru,UPDATE,2024-09-22 11:52:48
XmRUgMkODG@mail.ru,UPDATE,2024-09-22 01:45:38
TRyYtZC@gmail.com,READ,2024-09-22 09:32:25
qxJfUtsqAfOZ@ya.ru,CREATE,2024-09-22 16:37:16
hDADWxu@ya.ru,DELETE,2024-09-22 13:52:33
zfAklc@ya.ru,UPDATE,2024-09-22 10:11:00
qxJfUtsqAfOZ@ya.ru,READ,2024-09-22 14:13:52
zfAklc@ya.ru,READ,2024-09-22 02:03:38
KzzcLbNhb@gmail.com,UPDATE,2024-09-22 23:46:09
NrkhKnIaIk@mail.ru,CREATE,2024-09-22 00:40:07
TRyYtZC@gmail.com,CREATE,2024-09-22 14:37:13
zfAklc@ya.ru,DELETE,2024-09-22 21:32:57
NrkhKnIaIk@mail.ru,DELETE,2024-09-22 22:53:47
TRyYtZC@gmail.com,DELETE,2024-09-22 07:30:20
zfAklc@ya.ru,UPDATE,2024-09-22 21:05:42
KYYfPMfXMWdeFt@ya.ru,DELETE,2024-09-22 20:10:35
KzzcLbNhb@gmail.com,CREATE,2024-09-22 15:08:19
LMexzL@mail.ru,READ,2024-09-22 14:27:35
qxJfUtsqAfOZ@ya.ru,CREATE,2024-09-22 16:29:41
qxJfUtsqAfOZ@ya.ru,DELETE,2024-09-22 13:51:09
qxJfUtsqAfOZ@ya.ru,READ,2024-09-22 22:15:22
zfAklc@ya.ru,READ,2024-09-22 01:53:19
zfAklc@ya.ru,UPDATE,2024-09-22 02:29:59
LMexzL@mail.ru,CREATE,2024-09-22 15:31:55
zfAklc@ya.ru,UPDATE,2024-09-22 18:52:14
LMexzL@mail.ru,UPDATE,2024-09-22 21:38:33
hDADWxu@ya.ru,UPDATE,2024-09-22 00:30:58
NrkhKnIaIk@mail.ru,UPDATE,2024-09-22 15:00:13
zSohagjn@ya.ru,READ,2024-09-22 23:31:05
LMexzL@mail.ru,DELETE,2024-09-22 14:09:15
zfAklc@ya.ru,READ,2024-09-22 04:39:40
zfAklc@ya.ru,CREATE,2024-09-22 00:46:55
TRyYtZC@gmail.com,DELETE,2024-09-22 22:24:25
zfAklc@ya.ru,READ,2024-09-22 21:24:05
TRyYtZC@gmail.com,READ,2024-09-22 01:41:40
NrkhKnIaIk@mail.ru,DELETE,2024-09-22 07:59:31
TRyYtZC@gmail.com,UPDATE,2024-09-22 06:13:25
XmRUgMkODG@mail.ru,CREATE,2024-09-22 10:38:28
TRyYtZC@gmail.com,READ,2024-09-22 23:28:22
LMexzL@mail.ru,UPDATE,2024-09-22 14:12:03
KzzcLbNhb@gmail.com,READ,2024-09-22 20:52:41
KYYfPMfXMWdeFt@ya.ru,READ,2024-09-22 18:32:54
zfAklc@ya.ru,CREATE,2024-09-22 08:46:07
KYYfPMfXMWdeFt@ya.ru,UPDATE,2024-09-22 07:12:30
NrkhKnIaIk@mail.ru,UPDATE,2024-09-22 10:14:48
zSohagjn@ya.ru,UPDATE,2024-09-22 23:03:58
zfAklc@ya.ru,CREATE,2024-09-22 09:04:08
XmRUgMkODG@mail.ru,READ,2024-09-22 00:20:40
LMexzL@mail.ru,READ,2024-09-22 20:33:08
zfAklc@ya.ru,READ,2024-09-22 05:18:46
NrkhKnIaIk@mail.ru,UPDATE,2024-09-22 12:10:56
zfAklc@ya.ru,DELETE,2024-09-22 09:23:48
qxJfUtsqAfOZ@ya.ru,DELETE,2024-09-22 13:41:46
KzzcLbNhb@gmail.com,CREATE,2024-09-22 00:27:21
zfAklc@ya.ru,READ,2024-09-22 05:04:56
TRyYtZC@gmail.com,DELETE,2024-09-22 05:42:00
LMexzL@mail.ru,READ,2024-09-22 17:45:53
zSohagjn@ya.ru,CREATE,2024-09-22 02:02:22
zfAklc@ya.ru,UPDATE,2024-09-22 09:23:48
hDADWxu@ya.ru,CREATE,2024-09-22 18:34:52
KzzcLbNhb@gmail.com,CREATE,2024-09-22 16:35:53
zfAklc@ya.ru,DELETE,2024-09-22 07:34:45
KYYfPMfXMWdeFt@ya.ru,READ,2024-09-22 02:19:59
zfAklc@ya.ru,CREATE,2024-09-22 12:38:13
LMexzL@mail.ru,CREATE,2024-09-22 12:54:57
NrkhKnIaIk@mail.ru,UPDATE,2024-09-22 12:19:53
TRyYtZC@gmail.com,DELETE,2024-09-22 01:32:22
qxJfUtsqAfOZ@ya.ru,CREATE,2024-09-22 07:19:31
LMexzL@mail.ru,CREATE,2024-09-22 08:18:37
KzzcLbNhb@gmail.com,CREATE,2024-09-22 13:56:09
zfAklc@ya.ru,READ,2024-09-22 13:07:15
KYYfPMfXMWdeFt@ya.ru,READ,2024-09-22 18:01:11
KYYfPMfXMWdeFt@ya.ru,DELETE,2024-09-22 19:03:39
KYYfPMfXMWdeFt@ya.ru,READ,2024-09-22 07:20:37
TRyYtZC@gmail.com,DELETE,2024-09-22 10:24:03
XmRUgMkODG@mail.ru,DELETE,2024-09-22 11:11:18
qxJfUtsqAfOZ@ya.ru,CREATE,2024-09-22 17:58:07
zfAklc@ya.ru,DELETE,2024-09-22 11:59:16
qxJfUtsqAfOZ@ya.ru,CREATE,2024-09-22 23:36:50
NrkhKnIaIk@mail.ru,DELETE,2024-09-22 11:50:11
TRyYtZC@gmail.com,READ,2024-09-22 05:17:13
KzzcLbNhb@gmail.com,CREATE,2024-09-22 04:19:50
XmRUgMkODG@mail.ru,CREATE,2024-09-22 03:06:56
XmRUgMkODG@mail.ru,CREATE,2024-09-22 09:34:49
LMexzL@mail.ru,READ,2024-09-22 09:40:15
zSohagjn@ya.ru,UPDATE,2024-09-22 18:15:09
XmRUgMkODG@mail.ru,READ,2024-09-22 21:48:42
zSohagjn@ya.ru,DELETE,2024-09-22 10:56:13
TRyYtZC@gmail.com,CREATE,2024-09-22 08:44:12
XmRUgMkODG@mail.ru,READ,2024-09-22 16:52:04
zfAklc@ya.ru,READ,2024-09-22 05:08:33
zSohagjn@ya.ru,UPDATE,2024-09-22 08:07:34
zfAklc@ya.ru,DELETE,2024-09-22 05:25:18
qxJfUtsqAfOZ@ya.ru,UPDATE,2024-09-22 05:49:09
KzzcLbNhb@gmail.com,CREATE,2024-09-22 07:57:24
NrkhKnIaIk@mail.ru,READ,2024-09-22 08:15:08
hDADWxu@ya.ru,READ,2024-09-22 10:10:18
XmRUgMkODG@mail.ru,DELETE,2024-09-22 12:18:52
KzzcLbNhb@gmail.com,UPDATE,2024-09-22 01:46:19
NrkhKnIaIk@mail.ru,DELETE,2024-09-22 17:01:03
NrkhKnIaIk@mail.ru,READ,2024-09-22 13:34:19
zfAklc@ya.ru,READ,2024-09-22 07:49:12
zfAklc@ya.ru,READ,2024-09-22 00:28:25
zSohagjn@ya.ru,DELETE,2024-09-22 12:26:18
qxJfUtsqAfOZ@ya.ru,DELETE,2024-09-22 06:56:13
zfAklc@ya.ru,UPDATE,2024-09-22 07:16:37
LMexzL@mail.ru,DELETE,2024-09-22 21:15:21
LMexzL@mail.ru,DELETE,2024-09-22 08:18:11
zfAklc@ya.ru,DELETE,2024-09-22 11:11:24
hDADWxu@ya.ru,READ,2024-09-22 10:25:37
qxJfUtsqAfOZ@ya.ru,UPDATE,2024-09-22 00:25:45
KYYfPMfXMWdeFt@ya.ru,DELETE,2024-09-22 06:18:15
KYYfPMfXMWdeFt@ya.ru,CREATE,2024-09-22 01:41:05
XmRUgMkODG@mail.ru,CREATE,2024-09-22 19:27:04
LMexzL@mail.ru,DELETE,2024-09-22 21:04:19
KYYfPMfXMWdeFt@ya.ru,DELETE,2024-09-22 12:21:07
LMexzL@mail.ru,CREATE,2024-09-22 21:40:18
qxJfUtsqAfOZ@ya.ru,CREATE,2024-09-22 04:27:17
KzzcLbNhb@gmail.com,DELETE,2024-09-22 03:12:18
XmRUgMkODG@mail.ru,READ,2024-09-22 20:03:01
TRyYtZC@gmail.com,UPDATE,2024-09-22 18:58:42
zfAklc@ya.ru,CREATE,2024-09-22 16:28:34
hDADWxu@ya.ru,UPDATE,2024-09-22 13:31:36
LMexzL@mail.ru,UPDATE,2024-09-22 11:26:50
NrkhKnIaIk@mail.ru,READ,2024-09-22 12:30:32
KzzcLbNhb@gmail.com,UPDATE,2024-09-22 16:07:46
qxJfUtsqAfOZ@ya.ru,UPDATE,2024-09-22 18:14:42
KzzcLbNhb@gmail.com,READ,2024-09-22 08:58:49
KYYfPMfXMWdeFt@ya.ru,DELETE,2024-09-22 04:08:57
NrkhKnIaIk@mail.ru,UPDATE,2024-09-22 04:21:05
KYYfPMfXMWdeFt@ya.ru,READ,2024-09-22 10:13:27
LMexzL@mail.ru,READ,2024-09-22 03:19:37
XmRUgMkODG@mail.ru,DELETE,2024-09-22 10:56:39
KzzcLbNhb@gmail.com,READ,2024-09-22 16:34:48
TRyYtZC@gmail.com,DELETE,2024-09-22 11:45:26
qxJfUtsqAfOZ@ya.ru,READ,2024-09-22 22:42:39
zfAklc@ya.ru,DELETE,2024-09-22 19:41:51
NrkhKnIaIk@mail.ru,DELETE,2024-09-22 02:55:03
zfAklc@ya.ru,UPDATE,2024-09-22 22:12:39
KYYfPMfXMWdeFt@ya.ru,UPDATE,2024-09-22 09:56:36
hDADWxu@ya.ru,CREATE,2024-09-22 16:13:08
hDADWxu@ya.ru,UPDATE,2024-09-22 03:03:01
qxJfUtsqAfOZ@ya.ru,UPDATE,2024-09-22 23:01:02
KzzcLbNhb@gmail.com,UPDATE,2024-09-22 02:03:34
KzzcLbNhb@gmail.com,CREATE,2024-09-22 01:24:11
XmRUgMkODG@mail.ru,UPDATE,2024-09-22 18:54:57
KzzcLbNhb@gmail.com,UPDATE,2024-09-22 22:03:31
zSohagjn@ya.ru,UPDATE,2024-09-22 17:20:16
LMexzL@mail.ru,UPDATE,2024-09-22 17:56:57
KYYfPMfXMWdeFt@ya.ru,CREATE,2024-09-22 09:45:21
NrkhKnIaIk@mail.ru,READ,2024-09-22 04:32:59
LMexzL@mail.ru,DELETE,2024-09-22 01:15:47
TRyYtZC@gmail.com,DELETE,2024-09-22 15:59:34
zSohagjn@ya.ru,READ,2024-09-22 20:04:14
XmRUgMkODG@mail.ru,READ,2024-09-22 10:25:28
KYYfPMfXMWdeFt@ya.ru,UPDATE,2024-09-22 00:55:11
qxJfUtsqAfOZ@ya.ru,DELETE,2024-09-22 04:54:41
KzzcLbNhb@gmail.com,DELETE,2024-09-22 15:20:56
XmRUgMkODG@mail.ru,DELETE,2024-09-22 10:15:44
zSohagjn@ya.ru,CREATE,2024-09-22 01:41:41
zfAklc@ya.ru,READ,2024-09-22 13:17:10
KYYfPMfXMWdeFt@ya.ru,DELETE,2024-09-22 05:31:48
zfAklc@ya.ru,DELETE,2024-09-22 03:03:16
NrkhKnIaIk@mail.ru,UPDATE,2024-09-22 02:55:00
NrkhKnIaIk@mail.ru,CREATE,2024-09-22 23:41:19
qxJfUtsqAfOZ@ya.ru,CREATE,2024-09-22 05:09:01
LMexzL@mail.ru,UPDATE,2024-09-22 15:50:50
zfAklc@ya.ru,UPDATE,2024-09-22 00:58:16
TRyYtZC@gmail.com,UPDATE,2024-09-22 23:37:03
KYYfPMfXMWdeFt@ya.ru,READ,2024-09-22 15:18:07
hDADWxu@ya.ru,UPDATE,2024-09-22 12:10:49
qxJfUtsqAfOZ@ya.ru,UPDATE,2024-09-22 10:56:08
zfAklc@ya.ru,UPDATE,2024-09-22 18:28:59
LMexzL@mail.ru,READ,2024-09-22 21:03:47
TRyYtZC@gmail.com,DELETE,2024-09-22 14:57:47
hDADWxu@ya.ru,READ,2024-09-22 10:14:21
LMexzL@mail.ru,READ,2024-09-22 13:56:02
TRyYtZC@gmail.com,UPDATE,2024-09-22 11:53:53
LMexzL@mail.ru,CREATE,2024-09-22 15:41:25
zSohagjn@ya.ru,DELETE,2024-09-22 16:32:27
KYYfPMfXMWdeFt@ya.ru,DELETE,2024-09-22 07:45:27
zSohagjn@ya.ru,UPDATE,2024-09-22 19:27:22
hDADWxu@ya.ru,UPDATE,2024-09-22 16:06:03
hDADWxu@ya.ru,CREATE,2024-09-22 19:51:58
zSohagjn@ya.ru,CREATE,2024-09-22 13:57:24
KYYfPMfXMWdeFt@ya.ru,UPDATE,2024-09-22 23:03:56
zSohagjn@ya.ru,UPDATE,2024-09-22 06:55:04
hDADWxu@ya.ru,READ,2024-09-22 05:14:59
NrkhKnIaIk@mail.ru,UPDATE,2024-09-22 22:55:54
NrkhKnIaIk@mail.ru,DELETE,2024-09-22 05:59:14
NrkhKnIaIk@mail.ru,READ,2024-09-22 17:33:38
hDADWxu@ya.ru,DELETE,2024-09-22 01:16:19
KYYfPMfXMWdeFt@ya.ru,READ,2024-09-22 18:19:58
NrkhKnIaIk@mail.ru,READ,2024-09-22 11:13:28
hDADWxu@ya.ru,READ,2024-09-22 10:32:50
TRyYtZC@gmail.com,CREATE,2024-09-22 11:37:50
TRyYtZC@gmail.com,READ,2024-09-22 20:28:54
zSohagjn@ya.ru,READ,2024-09-22 23:35:49
hDADWxu@ya.ru,DELETE,2024-09-22 03:43:48
KYYfPMfXMWdeFt@ya.ru,UPDATE,2024-09-22 00:42:06
zSohagjn@ya.ru,READ,2024-09-22 09:15:18
zfAklc@ya.ru,UPDATE,2024-09-22 02:24:20
zfAklc@ya.ru,CREATE,2024-09-22 00:41:16
TRyYtZC@gmail.com,UPDATE,2024-09-22 01:53:49
hDADWxu@ya.ru,CREATE,2024-09-22 16:16:39
XmRUgMkODG@mail.ru,READ,2024-09-22 12:04:53
KzzcLbNhb@gmail.com,CREATE,2024-09-22 14:33:56
qxJfUtsqAfOZ@ya.ru,UPDATE,2024-09-22 16:56:52
NrkhKnIaIk@mail.ru,DELETE,2024-09-22 09:00:18
zfAklc@ya.ru,UPDATE,2024-09-22 06:24:17
KYYfPMfXMWdeFt@ya.ru,CREATE,2024-09-22 00:26:14
XmRUgMkODG@mail.ru,READ,2024-09-22 11:24:41
LMexzL@mail.ru,READ,2024-09-22 11:44:53
zSohagjn@ya.ru,CREATE,2024-09-22 06:44:02
TRyYtZC@gmail.com,CREATE,2024-09-22 11:27:12
XmRUgMkODG@mail.ru,DELETE,2024-09-22 00:51:59
zfAklc@ya.ru,UPDATE,2024-09-22 00:15:28
KYYfPMfXMWdeFt@ya.ru,READ,2024-09-22 22:52:52
zSohagjn@ya.ru,UPDATE,2024-09-22 06:48:31
TRyYtZC@gmail.com,UPDATE,2024-09-22 17:10:51
zSohagjn@ya.ru,READ,2024-09-22 20:03:07
zfAklc@ya.ru,UPDATE,2024-09-22 05:19:11
zSohagjn@ya.ru,CREATE,2024-09-22 16:40:04
NrkhKnIaIk@mail.ru,UPDATE,2024-09-22 17:43:40
hDADWxu@ya.ru,UPDATE,2024-09-22 12:45:31
zSohagjn@ya.ru,UPDATE,2024-09-22 17:00:30
LMexzL@mail.ru,READ,2024-09-22 22:53:55
zfAklc@ya.ru,READ,2024-09-22 05:09:06
KYYfPMfXMWdeFt@ya.ru,UPDATE,2024-09-22 10:33:12
KzzcLbNhb@gmail.com,DELETE,2024-09-22 01:18:53
zfAklc@ya.ru,UPDATE,2024-09-22 22:02:34
LMexzL@mail.ru,CREATE,2024-09-22 22:50:23
KYYfPMfXMWdeFt@ya.ru,UPDATE,2024-09-22 13:15:58
qxJfUtsqAfOZ@ya.ru,DELETE,2024-09-22 03:10:50
zSohagjn@ya.ru,CREATE,2024-09-22 08:38:05
hDADWxu@ya.ru,READ,2024-09-22 15:17:14
KYYfPMfXMWdeFt@ya.ru,UPDATE,2024-09-22 19:13:16
qxJfUtsqAfOZ@ya.ru,DELETE,2024-09-22 21:05:38
qxJfUtsqAfOZ@ya.ru,DELETE,2024-09-22 14:28:08
KYYfPMfXMWdeFt@ya.ru,DELETE,2024-09-22 04:36:32
XmRUgMkODG@mail.ru,CREATE,2024-09-22 20:21:02
zSohagjn@ya.ru,DELETE,2024-09-22 04:33:08
zfAklc@ya.ru,CREATE,2024-09-22 01:44:36
LMexzL@mail.ru,UPDATE,2024-09-22 06:46:54
TRyYtZC@gmail.com,DELETE,2024-09-22 12:26:31
XmRUgMkODG@mail.ru,CREATE,2024-09-22 07:11:12
KYYfPMfXMWdeFt@ya.ru,CREATE,2024-09-22 06:33:14
hDADWxu@ya.ru,READ,2024-09-22 12:42:42
hDADWxu@ya.ru,READ,2024-09-22 00:27:51
qxJfUtsqAfOZ@ya.ru,READ,2024-09-22 04:05:19
XmRUgMkODG@mail.ru,DELETE,2024-09-22 02:59:05
XmRUgMkODG@mail.ru,READ,2024-09-22 19:38:28
LMexzL@mail.ru,DELETE,2024-09-22 10:34:37
KzzcLbNhb@gmail.com,DELETE,2024-09-22 07:51:34
XmRUgMkODG@mail.ru,CREATE,2024-09-22 23:38:48
NrkhKnIaIk@mail.ru,UPDATE,2024-09-22 22:39:23
KzzcLbNhb@gmail.com,DELETE,2024-09-22 17:18:39
XmRUgMkODG@mail.ru,DELETE,2024-09-22 04:57:13
LMexzL@mail.ru,UPDATE,2024-09-22 11:27:41
XmRUgMkODG@mail.ru,DELETE,2024-09-22 16:35:02
qxJfUtsqAfOZ@ya.ru,DELETE,2024-09-22 16:57:25
hDADWxu@ya.ru,READ,2024-09-22 19:22:10
LMexzL@mail.ru,UPDATE,2024-09-22 13:35:00
XmRUgMkODG@mail.ru,UPDATE,2024-09-22 11:13:47
qxJfUtsqAfOZ@ya.ru,CREATE,2024-09-22 04:25:57
KYYfPMfXMWdeFt@ya.ru,READ,2024-09-22 22:44:10
zfAklc@ya.ru,READ,2024-09-22 04:03:35
zfAklc@ya.ru,CREATE,2024-09-22 16:18:58
zSohagjn@ya.ru,UPDATE,2024-09-22 13:49:08
KzzcLbNhb@gmail.com,READ,2024-09-22 22:01:14
XmRUgMkODG@mail.ru,UPDATE,2024-09-22 04:30:50
NrkhKnIaIk@mail.ru,UPDATE,2024-09-22 21:54:50
XmRUgMkODG@mail.ru,CREATE,2024-09-22 18:04:44
XmRUgMkODG@mail.ru,READ,2024-09-22 21:25:16
TRyYtZC@gmail.com,UPDATE,2024-09-22 02:47:32
KYYfPMfXMWdeFt@ya.ru,UPDATE,2024-09-22 12:35:59
KYYfPMfXMWdeFt@ya.ru,READ,2024-09-22 05:09:35
zfAklc@ya.ru,CREATE,2024-09-22 19:57:44
KzzcLbNhb@gmail.com,UPDATE,2024-09-22 01:24:39
KYYfPMfXMWdeFt@ya.ru,DELETE,2024-09-22 06:12:24
KYYfPMfXMWdeFt@ya.ru,DELETE,2024-09-22 08:27:33
zfAklc@ya.ru,READ,2024-09-22 06:52:09
KzzcLbNhb@gmail.com,CREATE,2024-09-22 07:41:25
qxJfUtsqAfOZ@ya.ru,UPDATE,2024-09-22 19:07:59
hDADWxu@ya.ru,CREATE,2024-09-22 03:16:57
XmRUgMkODG@mail.ru,UPDATE,2024-09-22 07:03:47
KYYfPMfXMWdeFt@ya.ru,READ,2024-09-22 16:28:02
zfAklc@ya.ru,DELETE,2024-09-22 06:44:33
TRyYtZC@gmail.com,READ,2024-09-22 03:52:17
hDADWxu@ya.ru,DELETE,2024-09-22 13:42:18
LMexzL@mail.ru,CREATE,2024-09-22 11:38:01
zSohagjn@ya.ru,READ,2024-09-22 09:24:39
KYYfPMfXMWdeFt@ya.ru,DELETE,2024-09-22 07:36:38
XmRUgMkODG@mail.ru,CREATE,2024-09-22 23:17:29
NrkhKnIaIk@mail.ru,READ,2024-09-22 21:53:02
KYYfPMfXMWdeFt@ya.ru,READ,2024-09-22 14:02:00
zSohagjn@ya.ru,UPDATE,2024-09-22 01:47:55
hDADWxu@ya.ru,READ,2024-09-22 03:17:57
hDADWxu@ya.ru,CREATE,2024-09-22 08:32:05
NrkhKnIaIk@mail.ru,UPDATE,2024-09-22 12:24:13
hDADWxu@ya.ru,READ,2024-09-22 17:15:45
XmRUgMkODG@mail.ru,CREATE,2024-09-22 12:36:10
zfAklc@ya.ru,DELETE,2024-09-22 06:33:38
KzzcLbNhb@gmail.com,CREATE,2024-09-22 12:31:36
KYYfPMfXMWdeFt@ya.ru,READ,2024-09-22 14:43:55
qxJfUtsqAfOZ@ya.ru,UPDATE,2024-09-22 09:38:24
zSohagjn@ya.ru,DELETE,2024-09-22 03:42:09
TRyYtZC@gmail.com,UPDATE,2024-09-22 15:47:05
zfAklc@ya.ru,UPDATE,2024-09-22 00:40:23
hDADWxu@ya.ru,DELETE,2024-09-22 06:24:24
TRyYtZC@gmail.com,CREATE,2024-09-22 18:50:35
hDADWxu@ya.ru,UPDATE,2024-09-22 20:24:51
KzzcLbNhb@gmail.com,CREATE,2024-09-22 18:25:57
KzzcLbNhb@gmail.com,READ,2024-09-22 19:29:43
zSohagjn@ya.ru,CREATE,2024-09-22 12:59:22
LMexzL@mail.ru,UPDATE,2024-09-22 17:31:29
qxJfUtsqAfOZ@ya.ru,UPDATE,2024-09-22 16:13:57
hDADWxu@ya.ru,READ,2024-09-22 00:12:57
NrkhKnIaIk@mail.ru,UPDATE,2024-09-22 00:06:51
TRyYtZC@gmail.com,DELETE,2024-09-22 06:33:10
zSohagjn@ya.ru,READ,2024-09-22 14:27:50
zfAklc@ya.ru,CREATE,2024-09-22 10:32:02
zfAklc@ya.ru,UPDATE,2024-09-22 02:40:07
zSohagjn@ya.ru,READ,2024-09-22 19:38:13
hDADWxu@ya.ru,CREATE,2024-09-22 10:44:24
KYYfPMfXMWdeFt@ya.ru,UPDATE,2024-09-22 16:41:12
TRyYtZC@gmail.com,READ,2024-09-22 13:41:54
XmRUgMkODG@mail.ru,UPDATE,2024-09-22 13:08:49
XmRUgMkODG@mail.ru,READ,2024-09-22 11:11:41
KYYfPMfXMWdeFt@ya.ru,UPDATE,2024-09-22 10:39:28
KYYfPMfXMWdeFt@ya.ru,CREATE,2024-09-22 03:56:34
NrkhKnIaIk@mail.ru,DELETE,2024-09-22 19:47:23
zSohagjn@ya.ru,UPDATE,2024-09-22 01:46:08
hDADWxu@ya.ru,READ,2024-09-22 09:35:56
hDADWxu@ya.ru,DELETE,2024-09-22 19:32:01
zSohagjn@ya.ru,UPDATE,2024-09-22 13:41:00
TRyYtZC@gmail.com,UPDATE,2024-09-22 14:12:00
KzzcLbNhb@gmail.com,UPDATE,2024-09-22 22:14:22
zSohagjn@ya.ru,UPDATE,2024-09-22 05:44:38
TRyYtZC@gmail.com,DELETE,2024-09-22 15:02:09
zfAklc@ya.ru,DELETE,2024-09-22 03:12:11
zSohagjn@ya.ru,DELETE,2024-09-22 10:58:07
XmRUgMkODG@mail.ru,UPDATE,2024-09-22 13:31:41
zfAklc@ya.ru,DELETE,2024-09-22 18:21:36
NrkhKnIaIk@mail.ru,DELETE,2024-09-22 12:51:40
hDADWxu@ya.ru,READ,2024-09-22 16:06:33
KYYfPMfXMWdeFt@ya.ru,UPDATE,2024-09-22 17:25:31
hDADWxu@ya.ru,READ,2024-09-22 00:04:11
KYYfPMfXMWdeFt@ya.ru,CREATE,2024-09-22 11:25:35
LMexzL@mail.ru,READ,2024-09-22 21:31:18
qxJfUtsqAfOZ@ya.ru,DELETE,2024-09-22 03:08:31
LMexzL@mail.ru,UPDATE,2024-09-22 05:11:03
qxJfUtsqAfOZ@ya.ru,CREATE,2024-09-22 19:23:12
LMexzL@mail.ru,CREATE,2024-09-22 19:32:05
NrkhKnIaIk@mail.ru,READ,2024-09-22 05:40:08
zSohagjn@ya.ru,READ,2024-09-22 19:25:22
zSohagjn@ya.ru,DELETE,2024-09-22 12:08:27
LMexzL@mail.ru,READ,2024-09-22 00:52:25
hDADWxu@ya.ru,DELETE,2024-09-22 08:04:19
hDADWxu@ya.ru,READ,2024-09-22 11:03:50
zSohagjn@ya.ru,CREATE,2024-09-22 11:43:07
KzzcLbNhb@gmail.com,CREATE,2024-09-22 09:37:40
zSohagjn@ya.ru,UPDATE,2024-09-22 10:44:58
TRyYtZC@gmail.com,CREATE,2024-09-22 06:10:30
qxJfUtsqAfOZ@ya.ru,READ,2024-09-22 16:57:21
qxJfUtsqAfOZ@ya.ru,CREATE,2024-09-22 16:57:06
zSohagjn@ya.ru,UPDATE,2024-09-22 05:31:33
XmRUgMkODG@mail.ru,READ,2024-09-22 15:49:50
LMexzL@mail.ru,UPDATE,2024-09-22 22:22:06
LMexzL@mail.ru,CREATE,2024-09-22 01:18:51
hDADWxu@ya.ru,UPDATE,2024-09-22 14:35:01
LMexzL@mail.ru,CREATE,2024-09-22 03:36:46
KzzcLbNhb@gmail.com,UPDATE,2024-09-22 02:33:46
NrkhKnIaIk@mail.ru,DELETE,2024-09-22 14:10:57
qxJfUtsqAfOZ@ya.ru,READ,2024-09-22 17:09:03
zSohagjn@ya.ru,UPDATE,2024-09-22 13:01:03
zfAklc@ya.ru,CREATE,2024-09-22 08:48:50
TRyYtZC@gmail.com,READ,2024-09-22 03:40:04
NrkhKnIaIk@mail.ru,UPDATE,2024-09-22 05:59:09
KzzcLbNhb@gmail.com,UPDATE,2024-09-22 21:16:01
TRyYtZC@gmail.com,READ,2024-09-22 22:08:44
hDADWxu@ya.ru,CREATE,2024-09-22 15:00:02
TRyYtZC@gmail.com,CREATE,2024-09-22 22:49:27
KzzcLbNhb@gmail.com,CREATE,2024-09-22 12:42:35
LMexzL@mail.ru,DELETE,2024-09-22 10:37:41
KYYfPMfXMWdeFt@ya.ru,CREATE,2024-09-22 04:51:21
LMexzL@mail.ru,UPDATE,2024-09-22 21:05:50
KYYfPMfXMWdeFt@ya.ru,UPDATE,2024-09-22 13:56:14
LMexzL@mail.ru,UPDATE,2024-09-22 03:05:50
NrkhKnIaIk@mail.ru,READ,2024-09-22 21:24:00
hDADWxu@ya.ru,DELETE,2024-09-22 07:29:21
TRyYtZC@gmail.com,DELETE,2024-09-22 17:34:32
LMexzL@mail.ru,DELETE,2024-09-22 11:40:15
hDADWxu@ya.ru,UPDATE,2024-09-22 13:16:51
zfAklc@ya.ru,CREATE,2024-09-22 13:37:56
zSohagjn@ya.ru,UPDATE,2024-09-22 10:51:13
NrkhKnIaIk@mail.ru,DELETE,2024-09-22 19:14:04
KYYfPMfXMWdeFt@ya.ru,CREATE,2024-09-22 17:46:18
KYYfPMfXMWdeFt@ya.ru,DELETE,2024-09-22 08:15:12
zSohagjn@ya.ru,CREATE,2024-09-22 01:06:56
zSohagjn@ya.ru,READ,2024-09-22 13:18:21
zfAklc@ya.ru,DELETE,2024-09-22 10:56:15
KzzcLbNhb@gmail.com,UPDATE,2024-09-22 12:35:52
TRyYtZC@gmail.com,CREATE,2024-09-22 12:08:36
NrkhKnIaIk@mail.ru,READ,2024-09-22 04:50:09
zfAklc@ya.ru,READ,2024-09-22 19:58:53
LMexzL@mail.ru,CREATE,2024-09-22 08:19:20
TRyYtZC@gmail.com,DELETE,2024-09-22 18:16:04
LMexzL@mail.ru,DELETE,2024-09-22 11:10:16
zSohagjn@ya.ru,CREATE,2024-09-22 22:45:56
zfAklc@ya.ru,DELETE,2024-09-22 13:21:04
qxJfUtsqAfOZ@ya.ru,CREATE,2024-09-22 12:31:16
zfAklc@ya.ru,DELETE,2024-09-22 02:35:15
KzzcLbNhb@gmail.com,CREATE,2024-09-22 04:44:58
NrkhKnIaIk@mail.ru,DELETE,2024-09-22 07:51:56
qxJfUtsqAfOZ@ya.ru,DELETE,2024-09-22 12:36:29
NrkhKnIaIk@mail.ru,DELETE,2024-09-22 05:12:18
TRyYtZC@gmail.com,CREATE,2024-09-22 05:15:19
qxJfUtsqAfOZ@ya.ru,READ,2024-09-22 15:13:04
KzzcLbNhb@gmail.com,UPDATE,2024-09-22 17:31:04
TRyYtZC@gmail.com,UPDATE,2024-09-22 21:35:34
qxJfUtsqAfOZ@ya.ru,CREATE,2024-09-22 23:22:36
TRyYtZC@gmail.com,UPDATE,2024-09-22 01:35:23
zSohagjn@ya.ru,UPDATE,2024-09-22 03:37:00
NrkhKnIaIk@mail.ru,READ,2024-09-22 16:16:58
KYYfPMfXMWdeFt@ya.ru,CREATE,2024-09-22 21:27:00
hDADWxu@ya.ru,READ,2024-09-22 02:25:37
KYYfPMfXMWdeFt@ya.ru,READ,2024-09-22 11:24:55
LMexzL@mail.ru,DELETE,2024-09-22 03:46:25
LMexzL@mail.ru,DELETE,2024-09-22 12:44:48
zfAklc@ya.ru,READ,2024-09-22 08:04:12
KYYfPMfXMWdeFt@ya.ru,READ,2024-09-22 10:37:45
hDADWxu@ya.ru,READ,2024-09-22 21:30:15
LMexzL@mail.ru,READ,2024-09-22 15:45:49
qxJfUtsqAfOZ@ya.ru,UPDATE,2024-09-22 01:33:31
XmRUgMkODG@mail.ru,READ,2024-09-22 22:31:48
NrkhKnIaIk@mail.ru,READ,2024-09-22 05:44:38
NrkhKnIaIk@mail.ru,UPDATE,2024-09-22 23:34:28
hDADWxu@ya.ru,CREATE,2024-09-22 21:35:19
qxJfUtsqAfOZ@ya.ru,CREATE,2024-09-22 09:29:11
zfAklc@ya.ru,READ,2024-09-22 15:37:14
zSohagjn@ya.ru,CREATE,2024-09-22 17:43:08
LMexzL@mail.ru,UPDATE,2024-09-22 06:41:41
qxJfUtsqAfOZ@ya.ru,READ,2024-09-22 12:03:03
zfAklc@ya.ru,DELETE,2024-09-22 02:44:17
hDADWxu@ya.ru,DELETE,2024-09-22 19:19:41
KYYfPMfXMWdeFt@ya.ru,DELETE,2024-09-22 14:59:54
KzzcLbNhb@gmail.com,DELETE,2024-09-22 08:13:00
XmRUgMkODG@mail.ru,DELETE,2024-09-22 08:22:54
zfAklc@ya.ru,UPDATE,2024-09-22 00:03:50
NrkhKnIaIk@mail.ru,CREATE,2024-09-22 20:22:23
NrkhKnIaIk@mail.ru,READ,2024-09-22 07:55:39
hDADWxu@ya.ru,UPDATE,2024-09-22 16:20:51
hDADWxu@ya.ru,UPDATE,2024-09-22 16:06:31
qxJfUtsqAfOZ@ya.ru,DELETE,2024-09-22 13:32:23
hDADWxu@ya.ru,CREATE,2024-09-22 14:25:35
zfAklc@ya.ru,UPDATE,2024-09-22 14:20:00
zfAklc@ya.ru,DELETE,2024-09-22 02:40:18
qxJfUtsqAfOZ@ya.ru,UPDATE,2024-09-22 16:30:09
NrkhKnIaIk@mail.ru,READ,2024-09-22 12:39:44
zfAklc@ya.ru,READ,2024-09-22 12:45:44
NrkhKnIaIk@mail.ru,DELETE,2024-09-22 01:41:25
hDADWxu@ya.ru,CREATE,2024-09-22 05:47:47
LMexzL@mail.ru,CREATE,2024-09-22 09:23:02
hDADWxu@ya.ru,CREATE,2024-09-22 06:33:09
LMexzL@mail.ru,UPDATE,2024-09-22 05:56:10
LMexzL@mail.ru,CREATE,2024-09-22 19:00:17
KYYfPMfXMWdeFt@ya.ru,READ,2024-09-22 23:12:38
hDADWxu@ya.ru,CREATE,2024-09-22 09:22:22
qxJfUtsqAfOZ@ya.ru,DELETE,2024-09-22 00:47:30
hDADWxu@ya.ru,UPDATE,2024-09-22 11:50:15
KYYfPMfXMWdeFt@ya.ru,READ,2024-09-22 03:21:34
KYYfPMfXMWdeFt@ya.ru,CREATE,2024-09-22 22:57:50
qxJfUtsqAfOZ@ya.ru,READ,2024-09-22 07:50:30
KzzcLbNhb@gmail.com,CREATE,2024-09-22 04:53:56
qxJfUtsqAfOZ@ya.ru,READ,2024-09-22 20:33:15
KzzcLbNhb@gmail.com,UPDATE,2024-09-22 13:47:31
LMexzL@mail.ru,DELETE,2024-09-22 10:38:24
qxJfUtsqAfOZ@ya.ru,DELETE,2024-09-22 05:57:07
zfAklc@ya.ru,UPDATE,2024-09-22 00:43:42
NrkhKnIaIk@mail.ru,READ,2024-09-22 19:35:17
zSohagjn@ya.ru,READ,2024-09-22 14:24:57
hDADWxu@ya.ru,DELETE,2024-09-22 11:26:30
zfAklc@ya.ru,DELETE,2024-09-22 11:44:58
LMexzL@mail.ru,READ,2024-09-22 19:46:18
zSohagjn@ya.ru,UPDATE,2024-09-22 17:14:08
KzzcLbNhb@gmail.com,CREATE,2024-09-22 00:30:30
zSohagjn@ya.ru,UPDATE,2024-09-22 05:33:11
KzzcLbNhb@gmail.com,CREATE,2024-09-22 10:17:32
NrkhKnIaIk@mail.ru,UPDATE,2024-09-22 11:47:05
XmRUgMkODG@mail.ru,UPDATE,2024-09-22 00:20:53
TRyYtZC@gmail.com,CREATE,2024-09-22 23:01:33
KzzcLbNhb@gmail.com,READ,2024-09-22 00:15:22
XmRUgMkODG@mail.ru,UPDATE,2024-09-22 11:43:57
KzzcLbNhb@gmail.com,CREATE,2024-09-22 12:33:49
XmRUgMkODG@mail.ru,UPDATE,2024-09-22 02:40:23
NrkhKnIaIk@mail.ru,DELETE,2024-09-22 00:52:05
qxJfUtsqAfOZ@ya.ru,DELETE,2024-09-22 17:19:37
qxJfUtsqAfOZ@ya.ru,READ,2024-09-22 12:21:42
qxJfUtsqAfOZ@ya.ru,DELETE,2024-09-22 12:36:53
zSohagjn@ya.ru,CREATE,2024-09-22 09:44:10
TRyYtZC@gmail.com,READ,2024-09-22 16:23:25
LMexzL@mail.ru,DELETE,2024-09-22 02:35:46
zfAklc@ya.ru,CREATE,2024-09-22 19:11:41
KzzcLbNhb@gmail.com,CREATE,2024-09-22 16:53:38
KYYfPMfXMWdeFt@ya.ru,DELETE,2024-09-22 14:53:25
hDADWxu@ya.ru,UPDATE,2024-09-22 15:01:12
KzzcLbNhb@gmail.com,READ,2024-09-22 00:31:00
NrkhKnIaIk@mail.ru,DELETE,2024-09-22 20:25:23
LMexzL@mail.ru,DELETE,2024-09-22 19:48:30
KYYfPMfXMWdeFt@ya.ru,READ,2024-09-22 06:50:00
hDADWxu@ya.ru,CREATE,2024-09-22 18:15:01
NrkhKnIaIk@mail.ru,CREATE,2024-09-22 19:04:44
zfAklc@ya.ru,DELETE,2024-09-22 13:00:48
TRyYtZC@gmail.com,UPDATE,2024-09-22 18:23:51
XmRUgMkODG@mail.ru,READ,2024-09-22 18:14:40
zfAklc@ya.ru,UPDATE,2024-09-22 11:05:36
hDADWxu@ya.ru,UPDATE,2024-09-22 08:50:22
NrkhKnIaIk@mail.ru,UPDATE,2024-09-22 23:33:16
zfAklc@ya.ru,READ,2024-09-22 05:55:16
hDADWxu@ya.ru,READ,2024-09-22 02:12:07
TRyYtZC@gmail.com,READ,2024-09-22 16:18:46
hDADWxu@ya.ru,READ,2024-09-22 00:56:36
zfAklc@ya.ru,UPDATE,2024-09-22 21:55:23
KzzcLbNhb@gmail.com,READ,2024-09-22 16:53:23
TRyYtZC@gmail.com,READ,2024-09-22 17:59:34
TRyYtZC@gmail.com,CREATE,2024-09-22 04:29:44
NrkhKnIaIk@mail.ru,READ,2024-09-22 08:19:17
TRyYtZC@gmail.com,CREATE,2024-09-22 23:09:30
zSohagjn@ya.ru,DELETE,2024-09-22 20:35:55
KYYfPMfXMWdeFt@ya.ru,CREATE,2024-09-22 08:24:03
LMexzL@mail.ru,CREATE,2024-09-22 21:30:57
KzzcLbNhb@gmail.com,DELETE,2024-09-22 16:42:43
zSohagjn@ya.ru,DELETE,2024-09-22 20:02:32
TRyYtZC@gmail.com,CREATE,2024-09-22 13:55:06
zfAklc@ya.ru,CREATE,2024-09-22 01:14:59
hDADWxu@ya.ru,CREATE,2024-09-22 10:23:59
NrkhKnIaIk@mail.ru,READ,2024-09-22 18:13:19
zfAklc@ya.ru,CREATE,2024-09-22 12:02:35
NrkhKnIaIk@mail.ru,READ,2024-09-22 13:09:12
NrkhKnIaIk@mail.ru,UPDATE,2024-09-22 13:12:56
XmRUgMkODG@mail.ru,DELETE,2024-09-22 23:43:09
LMexzL@mail.ru,DELETE,2024-09-22 21:00:43
TRyYtZC@gmail.com,CREATE,2024-09-22 18:49:47
XmRUgMkODG@mail.ru,READ,2024-09-22 18:41:07
NrkhKnIaIk@mail.ru,UPDATE,2024-09-22 15:20:56
zfAklc@ya.ru,READ,2024-09-22 22:56:22
LMexzL@mail.ru,READ,2024-09-22 15:04:39
LMexzL@mail.ru,UPDATE,2024-09-22 22:59:07
zSohagjn@ya.ru,READ,2024-09-22 03:24:56
zfAklc@ya.ru,UPDATE,2024-09-22 11:02:41
zfAklc@ya.ru,READ,2024-09-22 17:41:59
KzzcLbNhb@gmail.com,READ,2024-09-22 08:41:08
zfAklc@ya.ru,UPDATE,2024-09-22 21:35:03
LMexzL@mail.ru,READ,2024-09-22 15:05:29
LMexzL@mail.ru,CREATE,2024-09-22 04:13:29
LMexzL@mail.ru,DELETE,2024-09-22 17:59:00
TRyYtZC@gmail.com,READ,2024-09-22 04:09:09
KYYfPMfXMWdeFt@ya.ru,CREATE,2024-09-22 13:32:46
hDADWxu@ya.ru,DELETE,2024-09-22 22:37:55
TRyYtZC@gmail.com,DELETE,2024-09-22 21:23:39
NrkhKnIaIk@mail.ru,READ,2024-09-22 09:51:35
hDADWxu@ya.ru,UPDATE,2024-09-22 06:46:36
qxJfUtsqAfOZ@ya.ru,READ,2024-09-22 13:22:02
zfAklc@ya.ru,CREATE,2024-09-22 09:54:24
qxJfUtsqAfOZ@ya.ru,DELETE,2024-09-22 18:30:55
LMexzL@mail.ru,UPDATE,2024-09-22 17:39:31
TRyYtZC@gmail.com,READ,2024-09-22 06:00:43
zfAklc@ya.ru,CREATE,2024-09-22 22:46:53
XmRUgMkODG@mail.ru,UPDATE,2024-09-22 09:53:18
NrkhKnIaIk@mail.ru,DELETE,2024-09-22 06:32:28
LMexzL@mail.ru,CREATE,2024-09-22 22:37:27
KYYfPMfXMWdeFt@ya.ru,READ,2024-09-22 11:15:05
KzzcLbNhb@gmail.com,UPDATE,2024-09-22 20:45:06
XmRUgMkODG@mail.ru,DELETE,2024-09-22 14:25:34
hDADWxu@ya.ru,CREATE,2024-09-22 16:56:48
KzzcLbNhb@gmail.com,UPDATE,2024-09-22 06:45:30
zfAklc@ya.ru,CREATE,2024-09-22 07:17:27
LMexzL@mail.ru,CREATE,2024-09-22 14:49:12
KzzcLbNhb@gmail.com,UPDATE,2024-09-22 11:14:01
KzzcLbNhb@gmail.com,READ,2024-09-22 16:51:42
KYYfPMfXMWdeFt@ya.ru,DELETE,2024-09-22 20:39:44
zSohagjn@ya.ru,DELETE,2024-09-22 03:29:37
NrkhKnIaIk@mail.ru,CREATE,2024-09-22 19:22:42
hDADWxu@ya.ru,UPDATE,2024-09-22 07:09:35
XmRUgMkODG@mail.ru,DELETE,2024-09-22 06:11:57
KzzcLbNhb@gmail.com,CREATE,2024-09-22 18:26:39
KYYfPMfXMWdeFt@ya.ru,DELETE,2024-09-22 13:51:34
XmRUgMkODG@mail.ru,UPDATE,2024-09-22 14:22:14
TRyYtZC@gmail.com,UPDATE,2024-09-22 19:53:08
zSohagjn@ya.ru,DELETE,2024-09-22 10:36:24
zSohagjn@ya.ru,CREATE,2024-09-22 17:03:29
TRyYtZC@gmail.com,READ,2024-09-22 11:22:08
NrkhKnIaIk@mail.ru,READ,2024-09-22 17:09:46
KzzcLbNhb@gmail.com,READ,2024-09-22 15:11:43
KzzcLbNhb@gmail.com,UPDATE,2024-09-22 23:51:23
hDADWxu@ya.ru,UPDATE,2024-09-22 07:32:44
KzzcLbNhb@gmail.com,CREATE,2024-09-22 12:54:00
zfAklc@ya.ru,READ,2024-09-22 11:50:22
zSohagjn@ya.ru,CREATE,2024-09-22 09:00:12
LMexzL@mail.ru,CREATE,2024-09-22 10:45:23
qxJfUtsqAfOZ@ya.ru,READ,2024-09-22 03:28:18
zSohagjn@ya.ru,UPDATE,2024-09-22 23:20:08
NrkhKnIaIk@mail.ru,UPDATE,2024-09-22 06:36:42
hDADWxu@ya.ru,READ,2024-09-22 09:33:47
hDADWxu@ya.ru,UPDATE,2024-09-22 19:27:39
TRyYtZC@gmail.com,READ,2024-09-22 03:58:31
KzzcLbNhb@gmail.com,UPDATE,2024-09-22 18:04:47
XmRUgMkODG@mail.ru,UPDATE,2024-09-22 06:19:02
LMexzL@mail.ru,READ,2024-09-22 15:35:43
KzzcLbNhb@gmail.com,DELETE,2024-09-22 09:54:49
NrkhKnIaIk@mail.ru,DELETE,2024-09-22 08:42:14
KYYfPMfXMWdeFt@ya.ru,READ,2024-09-22 04:53:19
KzzcLbNhb@gmail.com,CREATE,2024-09-22 23:45:04
KYYfPMfXMWdeFt@ya.ru,UPDATE,2024-09-22 10:23:44
zSohagjn@ya.ru,DELETE,2024-09-22 07:40:46
qxJfUtsqAfOZ@ya.ru,READ,2024-09-22 17:29:29
zSohagjn@ya.ru,DELETE,2024-09-22 06:06:43
hDADWxu@ya.ru,READ,2024-09-22 11:10:24
zfAklc@ya.ru,DELETE,2024-09-22 11:16:09
LMexzL@mail.ru,DELETE,2024-09-22 14:29:37
TRyYtZC@gmail.com,DELETE,2024-09-22 01:20:07
qxJfUtsqAfOZ@ya.ru,READ,2024-09-22 03:13:04
qxJfUtsqAfOZ@ya.ru,UPDATE,2024-09-22 10:46:04
XmRUgMkODG@mail.ru,CREATE,2024-09-22 05:28:45
XmRUgMkODG@mail.ru,DELETE,2024-09-22 06:45:48
zfAklc@ya.ru,CREATE,2024-09-22 04:33:22
zfAklc@ya.ru,READ,2024-09-22 12:22:47
qxJfUtsqAfOZ@ya.ru,UPDATE,2024-09-22 18:37:38
XmRUgMkODG@mail.ru,READ,2024-09-22 00:44:41
XmRUgMkODG@mail.ru,UPDATE,2024-09-22 05:56:02
NrkhKnIaIk@mail.ru,CREATE,2024-09-22 02:17:01
NrkhKnIaIk@mail.ru,DELETE,2024-09-22 14:08:39
NrkhKnIaIk@mail.ru,UPDATE,2024-09-22 10:37:24
TRyYtZC@gmail.com,DELETE,2024-09-22 09:41:04
KzzcLbNhb@gmail.com,READ,2024-09-22 20:22:41
zfAklc@ya.ru,CREATE,2024-09-22 06:51:30
XmRUgMkODG@mail.ru,UPDATE,2024-09-22 01:24:46
LMexzL@mail.ru,READ,2024-09-22 08:46:50
KYYfPMfXMWdeFt@ya.ru,READ,2024-09-22 04:03:44
NrkhKnIaIk@mail.ru,CREATE,2024-09-22 01:47:00
zSohagjn@ya.ru,CREATE,2024-09-22 20:06:53
XmRUgMkODG@mail.ru,DELETE,2024-09-22 15:35:09
KYYfPMfXMWdeFt@ya.ru,DELETE,2024-09-22 00:42:48
KzzcLbNhb@gmail.com,READ,2024-09-22 00:38:44
TRyYtZC@gmail.com,READ,2024-09-22 00:44:05
KYYfPMfXMWdeFt@ya.ru,DELETE,2024-09-22 18:35:39
NrkhKnIaIk@mail.ru,CREATE,2024-09-22 23:24:13
qxJfUtsqAfOZ@ya.ru,DELETE,2024-09-22 07:38:49
XmRUgMkODG@mail.ru,UPDATE,2024-09-22 20:24:32
TRyYtZC@gmail.com,DELETE,2024-09-22 19:41:58
hDADWxu@ya.ru,UPDATE,2024-09-22 16:21:12
LMexzL@mail.ru,CREATE,2024-09-22 09:42:49
hDADWxu@ya.ru,READ,2024-09-22 22:15:02
zSohagjn@ya.ru,DELETE,2024-09-22 12:14:28
XmRUgMkODG@mail.ru,READ,2024-09-22 17:30:00
zSohagjn@ya.ru,READ,2024-09-22 00:46:13
LMexzL@mail.ru,DELETE,2024-09-22 06:41:05
hDADWxu@ya.ru,CREATE,2024-09-22 19:05:16
zSohagjn@ya.ru,DELETE,2024-09-22 11:55:39
qxJfUtsqAfOZ@ya.ru,CREATE,2024-09-22 07:38:53
zSohagjn@ya.ru,DELETE,2024-09-22 01:57:08
zfAklc@ya.ru,CREATE,2024-09-22 08:30:17
NrkhKnIaIk@mail.ru,DELETE,2024-09-22 23:27:49
KzzcLbNhb@gmail.com,UPDATE,2024-09-22 06:52:36
KYYfPMfXMWdeFt@ya.ru,UPDATE,2024-09-22 01:02:58
TRyYtZC@gmail.com,UPDATE,2024-09-22 19:07:51
zSohagjn@ya.ru,UPDATE,2024-09-22 16:58:20
XmRUgMkODG@mail.ru,DELETE,2024-09-22 01:54:56
LMexzL@mail.ru,READ,2024-09-22 21:58:20
TRyYtZC@gmail.com,DELETE,2024-09-22 02:49:06
XmRUgMkODG@mail.ru,UPDATE,2024-09-22 04:00:53
TRyYtZC@gmail.com,CREATE,2024-09-22 04:34:14
XmRUgMkODG@mail.ru,READ,2024-09-22 16:13:29
LMexzL@mail.ru,UPDATE,2024-09-22 03:51:53
zfAklc@ya.ru,DELETE,2024-09-22 03:52:25
TRyYtZC@gmail.com,DELETE,2024-09-22 15:59:09
zfAklc@ya.ru,UPDATE,2024-09-22 15:14:14
KYYfPMfXMWdeFt@ya.ru,CREATE,2024-09-22 06:54:21
NrkhKnIaIk@mail.ru,CREATE,2024-09-22 13:46:26
zSohagjn@ya.ru,DELETE,2024-09-22 03:41:52
KYYfPMfXMWdeFt@ya.ru,DELETE,2024-09-22 21:03:39
XmRUgMkODG@mail.ru,READ,2024-09-22 10:54:51
zfAklc@ya.ru,DELETE,2024-09-22 10:03:39
XmRUgMkODG@mail.ru,DELETE,2024-09-22 00:17:32
KzzcLbNhb@gmail.com,READ,2024-09-22 06:18:27
zfAklc@ya.ru,DELETE,2024-09-22 01:51:48
KYYfPMfXMWdeFt@ya.ru,DELETE,2024-09-22 02:04:52
XmRUgMkODG@mail.ru,READ,2024-09-22 08:32:58
XmRUgMkODG@mail.ru,UPDATE,2024-09-22 23:09:02
LMexzL@mail.ru,CREATE,2024-09-22 08:57:29
hDADWxu@ya.ru,CREATE,2024-09-22 08:16:37
LMexzL@mail.ru,READ,2024-09-22 03:14:27
qxJfUtsqAfOZ@ya.ru,DELETE,2024-09-22 10:45:12
TRyYtZC@gmail.com,UPDATE,2024-09-22 00:40:43
NrkhKnIaIk@mail.ru,CREATE,2024-09-22 23:27:43
zSohagjn@ya.ru,DELETE,2024-09-22 05:31:34
qxJfUtsqAfOZ@ya.ru,UPDATE,2024-09-22 17:13:50
LMexzL@mail.ru,CREATE,2024-09-22 07:05:59
zSohagjn@ya.ru,UPDATE,2024-09-22 07:39:00
hDADWxu@ya.ru,UPDATE,2024-09-22 08:29:29
TRyYtZC@gmail.com,DELETE,2024-09-22 22:28:59
TRyYtZC@gmail.com,READ,2024-09-22 14:17:20
KYYfPMfXMWdeFt@ya.ru,READ,2024-09-22 04:08:16
NrkhKnIaIk@mail.ru,CREATE,2024-09-22 23:26:26
NrkhKnIaIk@mail.ru,READ,2024-09-22 17:58:52
qxJfUtsqAfOZ@ya.ru,UPDATE,2024-09-22 04:18:00
zfAklc@ya.ru,UPDATE,2024-09-22 03:32:48
KYYfPMfXMWdeFt@ya.ru,CREATE,2024-09-22 17:25:54
XmRUgMkODG@mail.ru,CREATE,2024-09-22 05:17:21
LMexzL@mail.ru,READ,2024-09-22 03:25:17
NrkhKnIaIk@mail.ru,READ,2024-09-22 10:18:28
KYYfPMfXMWdeFt@ya.ru,DELETE,2024-09-22 21:24:19
zfAklc@ya.ru,UPDATE,2024-09-22 04:38:25
TRyYtZC@gmail.com,READ,2024-09-22 03:22:19
TRyYtZC@gmail.com,READ,2024-09-22 13:29:26
LMexzL@mail.ru,UPDATE,2024-09-22 01:54:36
XmRUgMkODG@mail.ru,DELETE,2024-09-22 10:37:48
TRyYtZC@gmail.com,CREATE,2024-09-22 19:35:45
KYYfPMfXMWdeFt@ya.ru,UPDATE,2024-09-22 08:29:17
XmRUgMkODG@mail.ru,READ,2024-09-22 17:44:43
TRyYtZC@gmail.com,DELETE,2024-09-22 05:24:16
XmRUgMkODG@mail.ru,UPDATE,2024-09-22 08:27:39
KYYfPMfXMWdeFt@ya.ru,READ,2024-09-22 12:00:09
KYYfPMfXMWdeFt@ya.ru,UPDATE,2024-09-22 18:50:47
TRyYtZC@gmail.com,DELETE,2024-09-22 07:47:33
zfAklc@ya.ru,DELETE,2024-09-22 12:06:22
zSohagjn@ya.ru,READ,2024-09-22 19:05:11
LMexzL@mail.ru,UPDATE,2024-09-22 19:05:23
LMexzL@mail.ru,CREATE,2024-09-22 09:29:30
XmRUgMkODG@mail.ru,READ,2024-09-22 08:29:14
KYYfPMfXMWdeFt@ya.ru,UPDATE,2024-09-22 12:20:27
zSohagjn@ya.ru,CREATE,2024-09-22 02:16:50
zSohagjn@ya.ru,CREATE,2024-09-22 21:06:53
KzzcLbNhb@gmail.com,UPDATE,2024-09-22 15:33:17
zfAklc@ya.ru,DELETE,2024-09-22 01:56:22
LMexzL@mail.ru,CREATE,2024-09-22 22:46:04
NrkhKnIaIk@mail.ru,UPDATE,2024-09-22 12:10:50
qxJfUtsqAfOZ@ya.ru,READ,2024-09-22 10:17:02
NrkhKnIaIk@mail.ru,READ,2024-09-22 23:39:26
XmRUgMkODG@mail.ru,READ,2024-09-22 09:52:27
KYYfPMfXMWdeFt@ya.ru,CREATE,2024-09-22 19:41:10
zfAklc@ya.ru,DELETE,2024-09-22 08:42:23
hDADWxu@ya.ru,CREATE,2024-09-22 23:54:25
LMexzL@mail.ru,READ,2024-09-22 03:00:37
zfAklc@ya.ru,READ,2024-09-22 01:28:03
XmRUgMkODG@mail.ru,DELETE,2024-09-22 09:05:45
zSohagjn@ya.ru,UPDATE,2024-09-22 23:34:38
KYYfPMfXMWdeFt@ya.ru,UPDATE,2024-09-22 00:53:32
KzzcLbNhb@gmail.com,UPDATE,2024-09-22 06:41:29
KYYfPMfXMWdeFt@ya.ru,UPDATE,2024-09-22 08:37:18
LMexzL@mail.ru,READ,2024-09-22 23:23:19
TRyYtZC@gmail.com,DELETE,2024-09-22 06:58:40
KzzcLbNhb@gmail.com,DELETE,2024-09-22 21:19:04
KYYfPMfXMWdeFt@ya.ru,UPDATE,2024-09-22 16:04:13
zfAklc@ya.ru,UPDATE,2024-09-22 18:14:26
KYYfPMfXMWdeFt@ya.ru,UPDATE,2024-09-22 18:10:10
NrkhKnIaIk@mail.ru,READ,2024-09-22 23:34:27
zSohagjn@ya.ru,READ,2024-09-22 16:19:07
hDADWxu@ya.ru,CREATE,2024-09-22 07:50:58
hDADWxu@ya.ru,READ,2024-09-22 22:05:12
KzzcLbNhb@gmail.com,DELETE,2024-09-22 12:38:17
KzzcLbNhb@gmail.com,READ,2024-09-22 00:22:27
qxJfUtsqAfOZ@ya.ru,UPDATE,2024-09-22 17:51:45
qxJfUtsqAfOZ@ya.ru,CREATE,2024-09-22 05:11:38
LMexzL@mail.ru,UPDATE,2024-09-22 16:58:16
LMexzL@mail.ru,DELETE,2024-09-22 16:20:14
zfAklc@ya.ru,UPDATE,2024-09-22 07:17:48
zfAklc@ya.ru,DELETE,2024-09-22 00:01:51
KYYfPMfXMWdeFt@ya.ru,READ,2024-09-22 22:46:24
hDADWxu@ya.ru,CREATE,2024-09-22 17:25:12
LMexzL@mail.ru,UPDATE,2024-09-22 03:38:48
hDADWxu@ya.ru,CREATE,2024-09-22 03:25:25
zSohagjn@ya.ru,DELETE,2024-09-22 06:07:30
hDADWxu@ya.ru,UPDATE,2024-09-22 15:02:43
zSohagjn@ya.ru,CREATE,2024-09-22 09:39:21
qxJfUtsqAfOZ@ya.ru,CREATE,2024-09-22 18:27:59
hDADWxu@ya.ru,READ,2024-09-22 20:14:43
KYYfPMfXMWdeFt@ya.ru,UPDATE,2024-09-22 03:22:43
zfAklc@ya.ru,READ,2024-09-22 01:21:14
LMexzL@mail.ru,CREATE,2024-09-22 12:08:39
TRyYtZC@gmail.com,READ,2024-09-22 13:34:17
XmRUgMkODG@mail.ru,CREATE,2024-09-22 18:23:16
hDADWxu@ya.ru,DELETE,2024-09-22 12:59:56
hDADWxu@ya.ru,UPDATE,2024-09-22 22:03:53
TRyYtZC@gmail.com,CREATE,2024-09-22 14:05:26
qxJfUtsqAfOZ@ya.ru,CREATE,2024-09-22 05:40:55
LMexzL@mail.ru,READ,2024-09-22 06:34:07
KYYfPMfXMWdeFt@ya.ru,DELETE,2024-09-22 23:38:19
LMexzL@mail.ru,DELETE,2024-09-22 13:41:52
qxJfUtsqAfOZ@ya.ru,READ,2024-09-22 17:37:43
LMexzL@mail.ru,CREATE,2024-09-22 11:25:47
zfAklc@ya.ru,DELETE,2024-09-22 10:05:27
TRyYtZC@gmail.com,DELETE,2024-09-22 10:59:39
hDADWxu@ya.ru,UPDATE,2024-09-22 05:02:54
KzzcLbNhb@gmail.com,UPDATE,2024-09-22 22:11:09
TRyYtZC@gmail.com,CREATE,2024-09-22 04:19:18
LMexzL@mail.ru,DELETE,2024-09-22 18:03:18
qxJfUtsqAfOZ@ya.ru,READ,2024-09-22 02:30:09
TRyYtZC@gmail.com,DELETE,2024-09-22 04:43:11
KYYfPMfXMWdeFt@ya.ru,UPDATE,2024-09-22 19:42:30
XmRUgMkODG@mail.ru,CREATE,2024-09-22 16:26:32
KYYfPMfXMWdeFt@ya.ru,CREATE,2024-09-22 09:24:20
LMexzL@mail.ru,CREATE,2024-09-22 23:19:28
qxJfUtsqAfOZ@ya.ru,DELETE,2024-09-22 06:30:56
KzzcLbNhb@gmail.com,CREATE,2024-09-22 09:12:47
KzzcLbNhb@gmail.com,READ,2024-09-22 21:32:34
zSohagjn@ya.ru,UPDATE,2024-09-22 21:56:35
NrkhKnIaIk@mail.ru,CREATE,2024-09-22 20:18:47
XmRUgMkODG@mail.ru,DELETE,2024-09-22 02:18:32
zfAklc@ya.ru,DELETE,2024-09-22 22:30:11
LMexzL@mail.ru,DELETE,2024-09-22 13:25:14
KYYfPMfXMWdeFt@ya.ru,CREATE,2024-09-22 00:32:46
zfAklc@ya.ru,DELETE,2024-09-22 16:11:52
zfAklc@ya.ru,DELETE,2024-09-22 04:52:55
KYYfPMfXMWdeFt@ya.ru,READ,2024-09-22 17:55:27
KzzcLbNhb@gmail.com,CREATE,2024-09-22 13:36:14
KYYfPMfXMWdeFt@ya.ru,READ,2024-09-22 00:53:25
zSohagjn@ya.ru,UPDATE,2024-09-22 09:20:11
KzzcLbNhb@gmail.com,UPDATE,2024-09-22 01:43:31
KYYfPMfXMWdeFt@ya.ru,DELETE,2024-09-22 18:41:33
zSohagjn@ya.ru,READ,2024-09-22 00:42:30
qxJfUtsqAfOZ@ya.ru,CREATE,2024-09-22 13:38:35
hDADWxu@ya.ru,READ,2024-09-22 08:24:30
qxJfUtsqAfOZ@ya.ru,CREATE,2024-09-22 21:37:12
LMexzL@mail.ru,CREATE,2024-09-22 03:19:39
LMexzL@mail.ru,READ,2024-09-22 13:44:29
NrkhKnIaIk@mail.ru,UPDATE,2024-09-22 09:05:51
LMexzL@mail.ru,CREATE,2024-09-22 12:31:48
zSohagjn@ya.ru,READ,2024-09-22 01:27:12
TRyYtZC@gmail.com,READ,2024-09-22 03:05:50
qxJfUtsqAfOZ@ya.ru,DELETE,2024-09-22 14:37:43
NrkhKnIaIk@mail.ru,DELETE,2024-09-22 15:21:46
TRyYtZC@gmail.com,UPDATE,2024-09-22 08:08:59
LMexzL@mail.ru,UPDATE,2024-09-22 03:43:27
qxJfUtsqAfOZ@ya.ru,CREATE,2024-09-22 04:17:38
qxJfUtsqAfOZ@ya.ru,DELETE,2024-09-22 02:56:05
TRyYtZC@gmail.com,CREATE,2024-09-22 16:45:31
XmRUgMkODG@mail.ru,CREATE,2024-09-22 01:46:31
zSohagjn@ya.ru,DELETE,2024-09-22 17:41:07
zfAklc@ya.ru,DELETE,2024-09-22 21:38:59
XmRUgMkODG@mail.ru,UPDATE,2024-09-22 15:56:17
qxJfUtsqAfOZ@ya.ru,READ,2024-09-22 23:40:08
zfAklc@ya.ru,UPDATE,2024-09-22 04:16:32
XmRUgMkODG@mail.ru,READ,2024-09-22 00:41:33
zSohagjn@ya.ru,CREATE,2024-09-22 15:42:38
qxJfUtsqAfOZ@ya.ru,READ,2024-09-22 04:03:17
TRyYtZC@gmail.com,READ,2024-09-22 21:42:32
TRyYtZC@gmail.com,READ,2024-09-22 21:03:21
KYYfPMfXMWdeFt@ya.ru,CREATE,2024-09-22 02:41:16
hDADWxu@ya.ru,CREATE,2024-09-22 11:18:06
KzzcLbNhb@gmail.com,UPDATE,2024-09-22 15:53:27
zfAklc@ya.ru,READ,2024-09-22 10:28:26
LMexzL@mail.ru,UPDATE,2024-09-22 01:52:47
zSohagjn@ya.ru,CREATE,2024-09-22 04:06:42
zfAklc@ya.ru,DELETE,2024-09-22 10:16:13
hDADWxu@ya.ru,READ,2024-09-22 00:12:58
TRyYtZC@gmail.com,DELETE,2024-09-22 06:33:17
zfAklc@ya.ru,UPDATE,2024-09-22 12:09:57
hDADWxu@ya.ru,DELETE,2024-09-22 07:56:59
qxJfUtsqAfOZ@ya.ru,CREATE,2024-09-22 17:51:52
NrkhKnIaIk@mail.ru,CREATE,2024-09-22 04:30:06
LMexzL@mail.ru,DELETE,2024-09-22 09:31:00
qxJfUtsqAfOZ@ya.ru,CREATE,2024-09-22 03:57:49
TRyYtZC@gmail.com,CREATE,2024-09-22 10:33:31
NrkhKnIaIk@mail.ru,DELETE,2024-09-22 21:53:55
zSohagjn@ya.ru,DELETE,2024-09-22 05:46:54
hDADWxu@ya.ru,UPDATE,2024-09-22 10:31:05
NrkhKnIaIk@mail.ru,READ,2024-09-22 23:56:29
hDADWxu@ya.ru,CREATE,2024-09-22 01:06:30
zfAklc@ya.ru,CREATE,2024-09-22 01:08:41
XmRUgMkODG@mail.ru,DELETE,2024-09-22 12:11:48
NrkhKnIaIk@mail.ru,DELETE,2024-09-22 14:12:20
LMexzL@mail.ru,DELETE,2024-09-22 11:16:54
qxJfUtsqAfOZ@ya.ru,DELETE,2024-09-22 12:58:07
zfAklc@ya.ru,CREATE,2024-09-22 19:31:20
NrkhKnIaIk@mail.ru,DELETE,2024-09-22 11:19:46
hDADWxu@ya.ru,READ,2024-09-22 10:02:58
zfAklc@ya.ru,DELETE,2024-09-22 08:14:05
KYYfPMfXMWdeFt@ya.ru,DELETE,2024-09-22 01:48:34
zSohagjn@ya.ru,DELETE,2024-09-22 05:59:29
hDADWxu@ya.ru,DELETE,2024-09-22 11:44:54
NrkhKnIaIk@mail.ru,READ,2024-09-22 20:11:06
zSohagjn@ya.ru,CREATE,2024-09-22 21:28:15
TRyYtZC@gmail.com,READ,2024-09-22 04:55:00
hDADWxu@ya.ru,READ,2024-09-22 23:07:40
hDADWxu@ya.ru,DELETE,2024-09-22 06:56:04
KYYfPMfXMWdeFt@ya.ru,CREATE,2024-09-22 13:27:31
KYYfPMfXMWdeFt@ya.ru,DELETE,2024-09-22 07:52:03
KYYfPMfXMWdeFt@ya.ru,DELETE,2024-09-22 00:01:53
TRyYtZC@gmail.com,CREATE,2024-09-22 16:12:40
zSohagjn@ya.ru,CREATE,2024-09-22 18:45:48
zSohagjn@ya.ru,UPDATE,2024-09-22 19:26:09
KzzcLbNhb@gmail.com,DELETE,2024-09-22 14:13:46
KYYfPMfXMWdeFt@ya.ru,UPDATE,2024-09-22 00:53:06
zSohagjn@ya.ru,CREATE,2024-09-22 21:22:05
KYYfPMfXMWdeFt@ya.ru,DELETE,2024-09-22 12:22:23
qxJfUtsqAfOZ@ya.ru,UPDATE,2024-09-22 11:25:49
hDADWxu@ya.ru,DELETE,2024-09-22 19:22:33
qxJfUtsqAfOZ@ya.ru,CREATE,2024-09-22 13:55:04
zSohagjn@ya.ru,DELETE,2024-09-22 05:08:12
LMexzL@mail.ru,CREATE,2024-09-22 02:01:18
KYYfPMfXMWdeFt@ya.ru,UPDATE,2024-09-22 22:20:38
KzzcLbNhb@gmail.com,UPDATE,2024-09-22 09:01:56
TRyYtZC@gmail.com,UPDATE,2024-09-22 16:02:41
qxJfUtsqAfOZ@ya.ru,CREATE,2024-09-22 20:35:39
zSohagjn@ya.ru,READ,2024-09-22 20:32:53
TRyYtZC@gmail.com,DELETE,2024-09-22 15:59:21
KzzcLbNhb@gmail.com,READ,2024-09-22 13:14:02
LMexzL@mail.ru,CREATE,2024-09-22 20:14:49
KzzcLbNhb@gmail.com,CREATE,2024-09-22 14:52:08
qxJfUtsqAfOZ@ya.ru,READ,2024-09-22 02:49:24
zfAklc@ya.ru,READ,2024-09-22 07:05:32
KYYfPMfXMWdeFt@ya.ru,CREATE,2024-09-22 11:55:10
NrkhKnIaIk@mail.ru,UPDATE,2024-09-22 11:43:54
hDADWxu@ya.ru,UPDATE,2024-09-22 00:47:12
NrkhKnIaIk@mail.ru,CREATE,2024-09-22 23:15:28
zfAklc@ya.ru,DELETE,2024-09-22 05:16:38
XmRUgMkODG@mail.ru,READ,2024-09-22 17:04:40
TRyYtZC@gmail.com,DELETE,2024-09-22 09:03:37
TRyYtZC@gmail.com,UPDATE,2024-09-22 18:51:46
zSohagjn@ya.ru,CREATE,2024-09-22 01:44:57
KzzcLbNhb@gmail.com,DELETE,2024-09-22 10:17:08
KYYfPMfXMWdeFt@ya.ru,READ,2024-09-22 17:21:28
NrkhKnIaIk@mail.ru,READ,2024-09-22 06:32:30
LMexzL@mail.ru,UPDATE,2024-09-22 15:40:27
KzzcLbNhb@gmail.com,UPDATE,2024-09-22 08:56:35
LMexzL@mail.ru,DELETE,2024-09-22 09:17:08
XmRUgMkODG@mail.ru,UPDATE,2024-09-22 09:47:08
XmRUgMkODG@mail.ru,DELETE,2024-09-22 12:33:58
KzzcLbNhb@gmail.com,CREATE,2024-09-22 12:42:44
zSohagjn@ya.ru,DELETE,2024-09-22 15:10:38